shape,seed,score_frame,seconds,before,after,scorer,ball_x,ball_y,ball_z
boxL,300,1043,41.7,0-0,1-0,A_blue,1.009,-0.034,0.451
boxL,301,1146,45.8,0-0,0-1,B_red,-1.009,-0.047,0.748
boxL,303,770,30.8,0-0,0-1,B_red,-1.017,0.009,1.609
boxL,304,745,29.8,0-0,0-1,B_red,-1.014,-0.039,0.186
boxL,305,467,18.7,0-0,1-0,A_blue,1.006,-0.043,0.176
boxL,309,1836,73.4,0-0,1-0,A_blue,1.016,0.012,0.11
boxL,310,937,37.5,0-0,0-1,B_red,-1.004,-0.034,2.119
boxL,310,1459,58.4,0-1,1-1,A_blue,1.009,-0.016,0.126
boxL,310,2748,109.9,1-1,2-1,A_blue,1.017,-0.035,0.253
boxL,311,820,32.8,0-0,0-1,B_red,-1.006,-0.041,1.935
boxL,312,2527,101.1,0-0,0-1,B_red,-1.015,0.039,0.121
boxL,314,1159,46.4,0-0,0-1,B_red,-1.016,-0.017,0.235
boxL,316,2325,93.0,0-0,1-0,A_blue,1.015,0.023,0.292
boxL,317,1505,60.2,0-0,1-0,A_blue,1.003,-0.004,0.129
boxL,317,1715,68.6,1-0,2-0,A_blue,1.015,-0.002,0.585
boxL,319,1899,76.0,0-0,1-0,A_blue,1.009,0.009,0.129
boxL,321,827,33.1,0-0,0-1,B_red,-1.013,0.018,0.322
boxL,321,1859,74.4,0-1,1-1,A_blue,1.001,-0.014,0.77
boxL,321,2535,101.4,1-1,2-1,A_blue,1.006,-0.024,0.155
boxL,324,1771,70.8,0-0,1-0,A_blue,1.011,-0.038,1.589
boxL,325,300,12.0,0-0,1-0,A_blue,1.018,-0.02,0.86
boxL,327,1377,55.1,0-0,1-0,A_blue,1.012,-0.018,0.821
boxL,327,1772,70.9,1-0,1-1,B_red,-1.012,-0.04,0.42
boxL,328,2214,88.6,0-0,0-1,B_red,-1.015,0.039,0.109
boxL,329,1585,63.4,0-0,0-1,B_red,-1.013,0.021,1.741
boxL,330,1980,79.2,0-0,1-0,A_blue,1.01,-0.038,1.075
boxL,331,637,25.5,0-0,1-0,A_blue,1.015,0.016,0.105
boxL,331,2146,85.8,1-0,2-0,A_blue,1.015,0.003,0.148
boxL,332,479,19.2,0-0,0-1,B_red,-1.006,0.026,0.169
boxL,332,710,28.4,0-1,0-2,B_red,-1.004,-0.019,0.223
boxL,332,1491,59.6,0-2,1-2,A_blue,1.013,-0.03,0.354
boxL,333,275,11.0,0-0,0-1,B_red,-0.999,0.035,1.053
boxL,335,1964,78.6,0-0,1-0,A_blue,1.013,-0.019,1.052
boxL,335,2197,87.9,1-0,2-0,A_blue,1.008,-0.006,0.105
boxL,336,402,16.1,0-0,0-1,B_red,-1.003,0.038,0.231
boxL,336,1990,79.6,0-1,1-1,A_blue,1.011,0.023,0.621
boxL,336,2170,86.8,1-1,2-1,A_blue,1.004,0.04,1.566
boxL,338,1139,45.6,0-0,1-0,A_blue,1.0,-0.019,1.327
boxL,340,1717,68.7,0-0,1-0,A_blue,1.009,-0.039,1.328
boxL,340,1894,75.8,1-0,2-0,A_blue,1.016,-0.038,0.36
boxL,340,2074,83.0,2-0,3-0,A_blue,1.007,-0.034,1.098
boxL,341,1364,54.6,0-0,1-0,A_blue,1.015,0.033,1.187
boxL,341,1860,74.4,1-0,1-1,B_red,-1.0,0.027,0.443
boxL,342,2634,105.4,0-0,0-1,B_red,-1.011,-0.004,0.14
boxL,343,1343,53.7,0-0,1-0,A_blue,1.004,-0.021,0.353
boxL,343,1551,62.0,1-0,2-0,A_blue,1.013,-0.018,0.171
boxL,343,2142,85.7,2-0,2-1,B_red,-1.012,0.013,0.109
boxL,344,745,29.8,0-0,1-0,A_blue,1.014,-0.016,1.487
boxL,345,2125,85.0,0-0,1-0,A_blue,1.009,0.005,1.559
boxL,346,1228,49.1,0-0,0-1,B_red,-1.013,0.038,0.11
boxL,347,1608,64.3,0-0,1-0,A_blue,1.015,-0.007,0.36
boxL,349,826,33.0,0-0,1-0,A_blue,1.006,-0.04,0.109
boxL,349,1859,74.4,1-0,2-0,A_blue,1.008,0.04,1.337
boxR,301,1422,56.9,0-0,0-1,B_red,-1.012,-0.041,0.241
boxR,302,1640,65.6,0-0,0-1,B_red,-1.007,0.018,0.22
boxR,305,1665,66.6,0-0,0-1,B_red,-1.011,0.034,1.5
boxR,305,2364,94.6,0-1,1-1,A_blue,1.017,-0.003,0.378
boxR,306,2179,87.2,0-0,0-1,B_red,-1.014,0.034,0.184
boxR,307,2014,80.6,0-0,0-1,B_red,-1.011,-0.014,0.508
boxR,307,2192,87.7,0-1,0-2,B_red,-1.016,0.038,0.195
boxR,307,2370,94.8,0-2,0-3,B_red,-1.0,0.041,0.492
boxR,307,2543,101.7,0-3,0-4,B_red,-1.004,0.032,0.127
boxR,309,690,27.6,0-0,0-1,B_red,-1.008,0.035,2.108
boxR,311,2425,97.0,0-0,0-1,B_red,-1.005,0.0,0.521
boxR,311,2604,104.2,0-1,0-2,B_red,-1.003,0.041,0.352
boxR,312,615,24.6,0-0,0-1,B_red,-1.016,0.011,0.267
boxR,312,892,35.7,0-1,0-2,B_red,-1.012,-0.015,1.243
boxR,314,886,35.4,0-0,0-1,B_red,-1.003,-0.011,0.598
boxR,317,2446,97.8,0-0,0-1,B_red,-1.015,0.012,0.159
boxR,320,1638,65.5,0-0,1-0,A_blue,1.009,0.012,0.925
boxR,320,2399,96.0,1-0,1-1,B_red,-1.0,0.038,0.217
boxR,322,531,21.2,0-0,0-1,B_red,-1.007,0.026,1.229
boxR,322,807,32.3,0-1,0-2,B_red,-1.01,0.024,0.188
boxR,324,1036,41.4,0-0,1-0,A_blue,1.003,-0.035,1.028
boxR,325,1214,48.6,0-0,1-0,A_blue,1.009,0.018,0.665
boxR,326,1007,40.3,0-0,1-0,A_blue,1.016,-0.021,1.316
boxR,326,2054,82.2,1-0,2-0,A_blue,1.014,-0.014,2.086
boxR,327,1288,51.5,0-0,0-1,B_red,-1.016,0.021,0.122
boxR,330,2241,89.6,0-0,1-0,A_blue,1.002,0.029,2.037
boxR,331,2744,109.8,0-0,0-1,B_red,-1.015,-0.028,0.651
boxR,333,2567,102.7,0-0,0-1,B_red,-1.002,-0.042,1.403
boxR,334,898,35.9,0-0,1-0,A_blue,1.003,-0.007,1.717
boxR,334,1107,44.3,1-0,2-0,A_blue,1.009,-0.021,0.799
boxR,334,1313,52.5,2-0,3-0,A_blue,1.002,0.021,2.011
boxR,334,1987,79.5,3-0,3-1,B_red,-1.011,-0.024,0.267
boxR,337,1999,80.0,0-0,1-0,A_blue,1.006,-0.04,1.379
boxR,339,1400,56.0,0-0,0-1,B_red,-1.014,0.002,2.162
boxR,340,1216,48.6,0-0,0-1,B_red,-1.008,-0.042,0.806
boxR,340,2673,106.9,0-1,1-1,A_blue,1.012,0.022,0.77
boxR,342,1514,60.6,0-0,0-1,B_red,-1.015,0.022,0.122
boxR,343,2462,98.5,0-0,0-1,B_red,-1.012,-0.041,0.159
boxR,346,491,19.6,0-0,1-0,A_blue,1.012,-0.035,1.414
boxR,346,780,31.2,1-0,1-1,B_red,-1.005,-0.01,0.08
boxR,346,1744,69.8,1-1,1-2,B_red,-1.016,0.028,0.195
boxR,346,2245,89.8,1-2,1-3,B_red,-1.006,0.002,0.773
boxR,349,443,17.7,0-0,1-0,A_blue,1.0,0.036,0.847
countL,301,2018,80.7,0-0,1-0,A_blue,1.008,0.025,0.109
countL,303,202,8.1,0-0,0-1,B_red,-1.016,-0.017,0.393
countL,303,706,28.2,0-1,0-2,B_red,-1.009,0.042,0.577
countL,303,1607,64.3,0-2,0-3,B_red,-1.009,-0.001,1.628
countL,303,2591,103.6,0-3,1-3,A_blue,1.008,-0.03,1.937
countL,305,1609,64.4,0-0,0-1,B_red,-1.01,-0.037,2.116
countL,305,2444,97.8,0-1,0-2,B_red,-1.013,-0.018,0.345
countL,305,2627,105.1,0-2,0-3,B_red,-1.018,-0.037,0.118
countL,307,356,14.2,0-0,0-1,B_red,-1.004,0.027,1.303
countL,308,1196,47.8,0-0,0-1,B_red,-1.013,-0.02,0.164
countL,308,1380,55.2,0-1,0-2,B_red,-1.004,-0.04,0.134
countL,309,1872,74.9,0-0,0-1,B_red,-1.01,-0.006,1.891
countL,313,1213,48.5,0-0,1-0,A_blue,1.005,0.018,0.176
countL,313,2659,106.4,1-0,1-1,B_red,-1.0,-0.035,0.451
countL,314,2691,107.6,0-0,0-1,B_red,-1.01,-0.017,0.12
countL,315,1827,73.1,0-0,0-1,B_red,-1.011,-0.013,0.943
countL,316,753,30.1,0-0,1-0,A_blue,1.002,0.035,0.299
countL,321,401,16.0,0-0,0-1,B_red,-1.009,-0.015,0.759
countL,321,1284,51.4,0-1,1-1,A_blue,1.01,-0.014,0.746
countL,321,1825,73.0,1-1,1-2,B_red,-1.018,-0.044,0.521
countL,325,982,39.3,0-0,0-1,B_red,-1.013,0.019,0.961
countL,325,2271,90.8,0-1,0-2,B_red,-1.005,0.018,0.13
countL,326,841,33.6,0-0,1-0,A_blue,1.005,0.015,0.984
countL,330,1087,43.5,0-0,0-1,B_red,-1.013,-0.013,0.211
countL,331,1101,44.0,0-0,1-0,A_blue,1.015,-0.041,0.098
countL,331,1269,50.8,1-0,2-0,A_blue,1.017,-0.031,0.298
countL,332,549,22.0,0-0,0-1,B_red,-1.02,-0.026,0.763
countL,333,1378,55.1,0-0,1-0,A_blue,1.0,0.003,0.553
countL,333,1546,61.8,1-0,1-1,B_red,-1.003,0.031,0.221
countL,333,1729,69.2,1-1,1-2,B_red,-1.003,-0.038,0.246
countL,335,550,22.0,0-0,0-1,B_red,-1.005,-0.035,0.19
countL,335,1565,62.6,0-1,0-2,B_red,-1.005,-0.024,0.097
countL,335,1750,70.0,0-2,0-3,B_red,-1.011,-0.023,1.574
countL,335,2063,82.5,0-3,0-4,B_red,-1.012,-0.015,0.756
countL,336,530,21.2,0-0,0-1,B_red,-0.998,0.012,0.915
countL,336,2594,103.8,0-1,1-1,A_blue,1.003,-0.015,0.321
countL,337,1849,74.0,0-0,0-1,B_red,-1.002,0.012,0.14
countL,341,1625,65.0,0-0,0-1,B_red,-1.018,-0.037,0.34
countL,342,315,12.6,0-0,1-0,A_blue,1.011,-0.008,0.768
countL,343,576,23.0,0-0,1-0,A_blue,1.005,0.02,0.114
countL,343,764,30.6,1-0,2-0,A_blue,1.016,-0.033,0.117
countL,343,1727,69.1,2-0,2-1,B_red,-1.017,0.037,1.195
countL,344,1152,46.1,0-0,1-0,A_blue,1.016,-0.036,0.281
countL,345,2549,102.0,0-0,0-1,B_red,-1.004,-0.036,1.099
countR,300,926,37.0,0-0,1-0,A_blue,1.015,0.016,1.788
countR,300,1119,44.8,1-0,2-0,A_blue,1.011,0.033,1.116
countR,308,2170,86.8,0-0,0-1,B_red,-1.005,-0.049,0.152
countR,309,2106,84.2,0-0,0-1,B_red,-1.014,0.002,0.694
countR,309,2301,92.0,0-1,0-2,B_red,-1.013,0.028,0.109
countR,311,619,24.8,0-0,0-1,B_red,-1.014,-0.033,1.488
countR,314,987,39.5,0-0,1-0,A_blue,1.001,0.015,1.592
countR,314,1776,71.0,1-0,1-1,B_red,-1.011,0.027,0.115
countR,316,690,27.6,0-0,0-1,B_red,-1.003,0.016,0.254
countR,316,1628,65.1,0-1,0-2,B_red,-1.009,0.039,0.891
countR,317,362,14.5,0-0,0-1,B_red,-1.018,0.015,2.33
countR,318,244,9.8,0-0,1-0,A_blue,1.001,-0.035,0.27
countR,320,1553,62.1,0-0,0-1,B_red,-1.007,-0.031,0.198
countR,321,2336,93.4,0-0,0-1,B_red,-1.005,0.026,1.445
countR,322,298,11.9,0-0,1-0,A_blue,1.0,-0.04,1.333
countR,322,481,19.2,1-0,2-0,A_blue,1.013,0.017,0.973
countR,322,1800,72.0,2-0,2-1,B_red,-1.007,0.023,0.196
countR,322,2074,83.0,2-1,2-2,B_red,-1.018,-0.035,1.17
countR,323,1893,75.7,0-0,0-1,B_red,-1.009,-0.028,0.763
countR,325,2078,83.1,0-0,0-1,B_red,-1.012,0.014,0.159
countR,328,216,8.6,0-0,1-0,A_blue,1.014,-0.037,0.138
countR,329,1935,77.4,0-0,1-0,A_blue,1.006,-0.022,0.181
countR,331,935,37.4,0-0,1-0,A_blue,1.015,-0.027,0.159
countR,331,1597,63.9,1-0,1-1,B_red,-1.014,-0.004,0.403
countR,332,1692,67.7,0-0,1-0,A_blue,1.014,0.038,0.688
countR,333,1938,77.5,0-0,1-0,A_blue,1.011,-0.001,1.471
countR,334,1793,71.7,0-0,1-0,A_blue,1.017,0.024,1.61
countR,334,2242,89.7,1-0,1-1,B_red,-1.011,-0.023,0.162
countR,336,841,33.6,0-0,1-0,A_blue,1.003,-0.033,1.074
countR,336,1718,68.7,1-0,1-1,B_red,-1.005,-0.031,0.111
countR,338,358,14.3,0-0,1-0,A_blue,1.017,-0.004,2.305
countR,338,594,23.8,1-0,2-0,A_blue,1.009,0.006,0.717
countR,338,1922,76.9,2-0,2-1,B_red,-1.0,-0.034,1.106
countR,339,894,35.8,0-0,1-0,A_blue,1.013,-0.038,0.11
countR,339,2530,101.2,1-0,1-1,B_red,-1.002,0.021,0.601
countR,340,383,15.3,0-0,1-0,A_blue,1.002,-0.04,2.003
countR,341,928,37.1,0-0,0-1,B_red,-1.013,0.03,0.104
countR,341,1114,44.6,0-1,0-2,B_red,-1.003,-0.039,0.123
countR,343,442,17.7,0-0,1-0,A_blue,1.013,-0.001,0.12
countR,344,1424,57.0,0-0,0-1,B_red,-1.014,-0.039,1.63
countR,345,759,30.4,0-0,0-1,B_red,-1.006,0.011,0.503
countR,345,940,37.6,0-1,0-2,B_red,-1.017,0.034,1.088
countR,346,1492,59.7,0-0,1-0,A_blue,1.005,-0.008,0.944
countR,346,1894,75.8,1-0,2-0,A_blue,1.008,-0.001,0.535
countR,347,459,18.4,0-0,1-0,A_blue,1.011,-0.039,0.109
countR,347,1153,46.1,1-0,2-0,A_blue,1.006,-0.043,0.65
countR,347,1535,61.4,2-0,2-1,B_red,-1.016,-0.032,0.698
countR,347,2354,94.2,2-1,2-2,B_red,-1.014,0.002,0.484
flankL2,300,389,15.6,0-0,1-0,A_blue,1.017,-0.027,0.171
flankL2,301,363,14.5,0-0,1-0,A_blue,1.012,0.034,0.964
flankL2,302,1172,46.9,0-0,1-0,A_blue,1.008,-0.019,0.581
flankL2,302,1624,65.0,1-0,2-0,A_blue,1.004,-0.043,1.837
flankL2,303,153,6.1,0-0,1-0,A_blue,1.005,0.028,0.309
flankL2,305,1178,47.1,0-0,1-0,A_blue,1.011,-0.02,0.379
flankL2,305,2103,84.1,1-0,2-0,A_blue,1.0,-0.03,1.59
flankL2,308,949,38.0,0-0,1-0,A_blue,1.014,0.023,0.166
flankL2,308,2461,98.4,1-0,2-0,A_blue,1.011,0.022,1.753
flankL2,309,852,34.1,0-0,0-1,B_red,-1.012,-0.039,1.71
flankL2,309,1101,44.0,0-1,1-1,A_blue,1.01,-0.002,0.296
flankL2,309,2716,108.6,1-1,1-2,B_red,-1.013,0.013,0.723
flankL2,311,149,6.0,0-0,1-0,A_blue,1.002,0.038,1.6
flankL2,311,2396,95.8,1-0,2-0,A_blue,1.011,0.011,0.109
flankL2,312,2003,80.1,0-0,1-0,A_blue,1.007,0.033,0.94
flankL2,313,720,28.8,0-0,1-0,A_blue,1.015,-0.016,0.242
flankL2,315,1094,43.8,0-0,0-1,B_red,-1.015,-0.03,0.958
flankL2,322,2657,106.3,0-0,0-1,B_red,-1.013,-0.016,0.294
flankL2,323,573,22.9,0-0,1-0,A_blue,1.016,-0.008,0.109
flankL2,323,1414,56.6,1-0,2-0,A_blue,1.007,0.006,0.109
flankL2,323,1613,64.5,2-0,3-0,A_blue,1.006,0.013,0.255
flankL2,324,1515,60.6,0-0,1-0,A_blue,1.001,-0.038,0.486
flankL2,324,1694,67.8,1-0,2-0,A_blue,1.01,-0.031,1.86
flankL2,324,2343,93.7,2-0,2-1,B_red,-1.009,0.038,0.223
flankL2,326,129,5.2,0-0,1-0,A_blue,1.008,0.03,1.576
flankL2,326,962,38.5,1-0,1-1,B_red,-1.004,0.034,0.885
flankL2,328,462,18.5,0-0,1-0,A_blue,1.012,-0.044,1.75
flankL2,331,1208,48.3,0-0,0-1,B_red,-1.013,0.015,2.187
flankL2,331,1872,74.9,0-1,0-2,B_red,-0.999,-0.033,1.26
flankL2,335,1349,54.0,0-0,1-0,A_blue,1.004,-0.035,0.7
flankL2,335,1559,62.4,1-0,2-0,A_blue,0.997,0.018,0.429
flankL2,335,2422,96.9,2-0,3-0,A_blue,1.009,0.019,0.12
flankL2,335,2703,108.1,3-0,4-0,A_blue,1.016,-0.039,0.542
flankL2,336,1231,49.2,0-0,0-1,B_red,-1.009,0.019,0.136
flankL2,337,2744,109.8,0-0,1-0,A_blue,1.016,0.032,0.707
flankL2,340,1637,65.5,0-0,1-0,A_blue,1.001,-0.018,0.172
flankL2,341,642,25.7,0-0,0-1,B_red,-1.015,0.02,1.566
flankL2,341,1442,57.7,0-1,1-1,A_blue,1.008,-0.015,1.346
flankL2,341,1808,72.3,1-1,2-1,A_blue,1.018,-0.021,0.244
flankL2,343,1471,58.8,0-0,1-0,A_blue,1.015,-0.031,0.109
flankL2,344,2073,82.9,0-0,1-0,A_blue,1.013,-0.009,0.146
flankL2,348,1530,61.2,0-0,1-0,A_blue,1.008,-0.023,0.155
flankL2,348,1701,68.0,1-0,2-0,A_blue,1.012,-0.022,0.493
flankL2,348,2122,84.9,2-0,3-0,A_blue,1.006,-0.04,1.54
flankL,301,2273,90.9,0-0,1-0,A_blue,1.009,-0.035,0.307
flankL,303,505,20.2,0-0,0-1,B_red,-1.017,0.005,0.232
flankL,303,1801,72.0,0-1,0-2,B_red,-1.003,0.023,1.31
flankL,304,1714,68.6,0-0,1-0,A_blue,1.014,-0.028,0.102
flankL,305,2160,86.4,0-0,1-0,A_blue,1.017,-0.017,0.72
flankL,306,2552,102.1,0-0,1-0,A_blue,1.013,0.0,0.756
flankL,308,1897,75.9,0-0,0-1,B_red,-1.012,0.027,1.225
flankL,310,1624,65.0,0-0,1-0,A_blue,1.01,-0.038,1.633
flankL,311,937,37.5,0-0,0-1,B_red,-1.016,-0.0,0.104
flankL,313,2525,101.0,0-0,1-0,A_blue,1.005,0.025,0.637
flankL,315,996,39.8,0-0,1-0,A_blue,1.01,0.04,0.108
flankL,315,1318,52.7,1-0,1-1,B_red,-1.012,0.04,1.964
flankL,317,462,18.5,0-0,0-1,B_red,-1.014,-0.04,0.186
flankL,319,1955,78.2,0-0,0-1,B_red,-1.006,0.01,0.252
flankL,319,2258,90.3,0-1,1-1,A_blue,1.013,0.018,1.879
flankL,320,1658,66.3,0-0,1-0,A_blue,1.01,0.021,0.702
flankL,320,2453,98.1,1-0,2-0,A_blue,1.015,-0.003,0.151
flankL,321,2464,98.6,0-0,0-1,B_red,-1.01,0.022,0.356
flankL,322,180,7.2,0-0,1-0,A_blue,1.011,0.015,0.707
flankL,322,1912,76.5,1-0,1-1,B_red,-1.013,-0.033,0.647
flankL,323,1528,61.1,0-0,1-0,A_blue,1.013,-0.015,0.238
flankL,325,591,23.6,0-0,1-0,A_blue,1.01,-0.019,0.952
flankL,326,1608,64.3,0-0,1-0,A_blue,1.001,0.012,0.106
flankL,327,2448,97.9,0-0,1-0,A_blue,1.017,0.012,0.493
flankL,330,2251,90.0,0-0,1-0,A_blue,1.01,-0.014,0.161
flankL,331,459,18.4,0-0,0-1,B_red,-1.005,0.013,1.116
flankL,331,2632,105.3,0-1,0-2,B_red,-1.006,0.041,0.906
flankL,333,2079,83.2,0-0,1-0,A_blue,1.014,0.041,0.11
flankL,334,707,28.3,0-0,1-0,A_blue,0.999,-0.025,2.133
flankL,335,2076,83.0,0-0,0-1,B_red,-1.0,-0.013,1.691
flankL,340,2155,86.2,0-0,1-0,A_blue,1.009,0.007,0.82
flankL,340,2489,99.6,1-0,1-1,B_red,-1.011,0.042,1.701
flankL,341,372,14.9,0-0,0-1,B_red,-1.007,-0.015,1.003
flankL,341,585,23.4,0-1,1-1,A_blue,1.013,0.028,0.109
flankL,342,1850,74.0,0-0,1-0,A_blue,1.013,-0.015,2.279
flankL,346,885,35.4,0-0,1-0,A_blue,1.006,0.043,0.615
flankL,346,1952,78.1,1-0,2-0,A_blue,1.014,-0.02,1.655
flankL,347,1118,44.7,0-0,1-0,A_blue,1.016,0.023,0.109
flankL,347,2128,85.1,1-0,2-0,A_blue,1.006,-0.039,0.66
flankL,348,792,31.7,0-0,1-0,A_blue,1.018,0.009,0.83
flankL,349,483,19.3,0-0,0-1,B_red,-1.001,0.026,0.577
flankL,349,2448,97.9,0-1,0-2,B_red,-1.005,0.017,0.289
flankR,301,1475,59.0,0-0,0-1,B_red,-1.007,0.031,0.121
flankR,303,1364,54.6,0-0,1-0,A_blue,1.01,0.041,0.197
flankR,304,918,36.7,0-0,1-0,A_blue,1.014,-0.035,2.001
flankR,305,2663,106.5,0-0,0-1,B_red,-1.013,-0.009,0.499
flankR,306,574,23.0,0-0,0-1,B_red,-1.014,-0.03,1.742
flankR,306,1674,67.0,0-1,0-2,B_red,-1.006,0.038,0.163
flankR,312,776,31.0,0-0,1-0,A_blue,1.015,-0.011,0.3
flankR,313,1998,79.9,0-0,0-1,B_red,-1.001,0.046,1.76
flankR,314,1488,59.5,0-0,0-1,B_red,-1.005,0.02,0.18
flankR,316,432,17.3,0-0,0-1,B_red,-1.017,-0.039,0.788
flankR,316,2535,101.4,0-1,1-1,A_blue,1.016,-0.041,0.941
flankR,317,2077,83.1,0-0,1-0,A_blue,1.006,-0.023,0.115
flankR,320,1692,67.7,0-0,0-1,B_red,-1.003,0.009,0.602
flankR,321,366,14.6,0-0,0-1,B_red,-1.002,-0.023,0.144
flankR,321,1441,57.6,0-1,0-2,B_red,-1.014,0.036,1.958
flankR,321,1926,77.0,0-2,0-3,B_red,-1.005,0.038,0.852
flankR,322,1264,50.6,0-0,0-1,B_red,-1.0,0.022,0.15
flankR,323,2115,84.6,0-0,0-1,B_red,-1.01,-0.039,1.092
flankR,324,1250,50.0,0-0,0-1,B_red,-1.017,-0.023,0.239
flankR,326,853,34.1,0-0,0-1,B_red,-1.016,0.007,0.395
flankR,326,2564,102.6,0-1,0-2,B_red,-1.013,-0.039,0.291
flankR,327,902,36.1,0-0,0-1,B_red,-1.018,-0.034,0.633
flankR,327,1210,48.4,0-1,1-1,A_blue,1.017,-0.041,2.153
flankR,329,679,27.2,0-0,0-1,B_red,-1.006,-0.012,1.396
flankR,329,2206,88.2,0-1,0-2,B_red,-1.013,-0.028,0.391
flankR,331,156,6.2,0-0,0-1,B_red,-1.014,0.017,0.602
flankR,331,1000,40.0,0-1,0-2,B_red,-1.008,-0.004,1.587
flankR,332,1579,63.2,0-0,0-1,B_red,-1.01,0.022,0.151
flankR,335,1044,41.8,0-0,0-1,B_red,-1.01,0.024,0.175
flankR,336,1883,75.3,0-0,1-0,A_blue,1.006,0.025,1.3
flankR,337,652,26.1,0-0,0-1,B_red,-1.015,-0.017,0.121
flankR,337,953,38.1,0-1,1-1,A_blue,1.016,-0.014,0.206
flankR,337,1702,68.1,1-1,1-2,B_red,-1.011,0.028,1.353
flankR,338,2285,91.4,0-0,0-1,B_red,-1.003,-0.041,0.847
flankR,339,2694,107.8,0-0,1-0,A_blue,1.017,-0.026,0.172
flankR,342,1919,76.8,0-0,0-1,B_red,-1.014,0.03,0.167
flankR,343,469,18.8,0-0,0-1,B_red,-1.015,0.038,0.447
flankR,345,2320,92.8,0-0,0-1,B_red,-1.01,-0.035,1.505
flankR,345,2534,101.4,0-1,1-1,A_blue,1.017,-0.042,0.109
flankR,346,2191,87.6,0-0,0-1,B_red,-1.015,0.012,0.253
flankR,349,1369,54.8,0-0,0-1,B_red,-1.013,0.04,2.211
flankR,349,1874,75.0,0-1,1-1,A_blue,1.015,0.004,1.787
mid_bal,301,852,34.1,0-0,0-1,B_red,-1.007,0.039,1.377
mid_bal,301,1328,53.1,0-1,1-1,A_blue,1.003,-0.045,1.16
mid_bal,302,851,34.0,0-0,0-1,B_red,-1.006,-0.028,0.203
mid_bal,302,2013,80.5,0-1,0-2,B_red,-1.004,-0.002,0.126
mid_bal,305,855,34.2,0-0,0-1,B_red,-1.012,-0.004,1.031
mid_bal,306,2612,104.5,0-0,0-1,B_red,-1.015,-0.016,1.645
mid_bal,307,1549,62.0,0-0,0-1,B_red,-1.012,0.04,0.561
mid_bal,309,2740,109.6,0-0,0-1,B_red,-1.016,0.041,1.182
mid_bal,311,2129,85.2,0-0,0-1,B_red,-1.01,-0.01,1.748
mid_bal,312,1537,61.5,0-0,0-1,B_red,-1.011,0.04,0.342
mid_bal,312,1980,79.2,0-1,0-2,B_red,-1.011,-0.003,0.17
mid_bal,316,2625,105.0,0-0,0-1,B_red,-1.0,0.046,1.138
mid_bal,318,1320,52.8,0-0,1-0,A_blue,1.002,-0.039,0.686
mid_bal,319,826,33.0,0-0,1-0,A_blue,1.005,-0.018,0.123
mid_bal,320,886,35.4,0-0,1-0,A_blue,1.011,-0.029,0.863
mid_bal,320,1169,46.8,1-0,2-0,A_blue,1.01,0.042,0.65
mid_bal,320,1837,73.5,2-0,2-1,B_red,-1.015,-0.025,1.873
mid_bal,321,1184,47.4,0-0,0-1,B_red,-1.016,-0.03,0.92
mid_bal,324,1464,58.6,0-0,0-1,B_red,-1.015,0.022,1.137
mid_bal,324,2524,101.0,0-1,0-2,B_red,-1.015,0.01,1.534
mid_bal,325,2080,83.2,0-0,1-0,A_blue,1.004,-0.027,0.173
mid_bal,326,1155,46.2,0-0,0-1,B_red,-1.013,0.021,0.223
mid_bal,327,312,12.5,0-0,1-0,A_blue,1.014,-0.018,0.132
mid_bal,328,2743,109.7,0-0,0-1,B_red,-1.006,-0.012,0.11
mid_bal,329,1169,46.8,0-0,0-1,B_red,-1.011,0.017,1.992
mid_bal,329,2205,88.2,0-1,0-2,B_red,-0.997,0.026,0.685
mid_bal,330,1926,77.0,0-0,1-0,A_blue,1.011,0.013,0.706
mid_bal,332,2616,104.6,0-0,0-1,B_red,-1.002,0.014,1.241
mid_bal,333,188,7.5,0-0,1-0,A_blue,1.013,-0.007,0.135
mid_bal,333,1634,65.4,1-0,2-0,A_blue,1.017,0.021,1.617
mid_bal,336,1441,57.6,0-0,1-0,A_blue,1.015,0.023,0.604
mid_bal,340,1199,48.0,0-0,1-0,A_blue,1.012,0.026,0.138
mid_bal,341,532,21.3,0-0,0-1,B_red,-1.019,0.035,0.538
mid_bal,341,1286,51.4,0-1,1-1,A_blue,1.015,0.012,0.148
mid_bal,344,1256,50.2,0-0,1-0,A_blue,1.011,-0.006,0.32
mid_bal,345,265,10.6,0-0,1-0,A_blue,1.013,0.044,0.804
mid_bal,346,1254,50.2,0-0,0-1,B_red,-1.011,0.04,2.016
mid_bal,347,2607,104.3,0-0,0-1,B_red,-1.012,0.037,1.499
mid_even2,300,1410,56.4,0-0,1-0,A_blue,1.011,-0.008,1.101
mid_even2,300,1911,76.4,1-0,1-1,B_red,-1.008,-0.004,0.262
mid_even2,302,1535,61.4,0-0,0-1,B_red,-1.015,-0.038,0.107
mid_even2,303,2637,105.5,0-0,0-1,B_red,-0.999,-0.006,0.422
mid_even2,305,672,26.9,0-0,1-0,A_blue,1.011,0.007,0.106
mid_even2,305,2561,102.4,1-0,2-0,A_blue,1.015,-0.008,0.199
mid_even2,307,482,19.3,0-0,1-0,A_blue,1.017,-0.019,0.109
mid_even2,307,1743,69.7,1-0,1-1,B_red,-1.018,0.037,0.407
mid_even2,309,2552,102.1,0-0,0-1,B_red,-1.001,-0.024,1.347
mid_even2,311,885,35.4,0-0,1-0,A_blue,1.012,-0.03,0.168
mid_even2,311,1462,58.5,1-0,1-1,B_red,-1.001,0.045,0.678
mid_even2,312,2436,97.4,0-0,0-1,B_red,-1.014,-0.014,0.109
mid_even2,313,1681,67.2,0-0,0-1,B_red,-1.009,0.02,0.152
mid_even2,314,508,20.3,0-0,1-0,A_blue,1.009,0.002,2.294
mid_even2,314,784,31.4,1-0,2-0,A_blue,1.008,-0.023,0.791
mid_even2,314,1168,46.7,2-0,3-0,A_blue,1.0,-0.038,0.589
mid_even2,318,1304,52.2,0-0,0-1,B_red,-1.007,-0.039,0.307
mid_even2,319,1259,50.4,0-0,0-1,B_red,-1.015,0.031,2.274
mid_even2,320,262,10.5,0-0,0-1,B_red,-1.001,0.01,0.166
mid_even2,323,1487,59.5,0-0,0-1,B_red,-1.016,-0.013,0.178
mid_even2,323,1676,67.0,0-1,0-2,B_red,-1.014,0.014,1.622
mid_even2,325,1384,55.4,0-0,1-0,A_blue,1.013,-0.016,0.248
mid_even2,326,2144,85.8,0-0,0-1,B_red,-1.016,-0.011,1.352
mid_even2,328,2227,89.1,0-0,0-1,B_red,-1.006,-0.013,0.131
mid_even2,331,424,17.0,0-0,0-1,B_red,-1.013,0.017,0.467
mid_even2,332,2233,89.3,0-0,1-0,A_blue,1.011,-0.027,0.876
mid_even2,334,2265,90.6,0-0,0-1,B_red,-1.01,0.036,0.94
mid_even2,335,2310,92.4,0-0,0-1,B_red,-1.008,0.018,0.17
mid_even2,337,1572,62.9,0-0,1-0,A_blue,1.012,-0.023,0.164
mid_even2,339,1914,76.6,0-0,0-1,B_red,-1.007,-0.007,0.123
mid_even2,340,405,16.2,0-0,0-1,B_red,-1.003,0.037,0.135
mid_even2,343,398,15.9,0-0,1-0,A_blue,1.013,-0.016,1.377
mid_even2,343,2299,92.0,1-0,1-1,B_red,-1.017,0.029,1.815
mid_even2,345,494,19.8,0-0,1-0,A_blue,1.005,-0.018,0.989
mid_even2,347,326,13.0,0-0,0-1,B_red,-1.0,0.041,1.167
mid_even2,348,284,11.4,0-0,0-1,B_red,-1.012,0.026,0.109
mid_even2,348,1789,71.6,0-1,0-2,B_red,-0.998,-0.022,0.675
mid_even2,349,2494,99.8,0-0,1-0,A_blue,1.015,-0.036,0.219
mid_even,300,1415,56.6,0-0,1-0,A_blue,1.018,-0.041,0.986
mid_even,305,332,13.3,0-0,1-0,A_blue,1.014,0.042,0.105
mid_even,305,895,35.8,1-0,1-1,B_red,-1.018,0.028,1.929
mid_even,308,309,12.4,0-0,0-1,B_red,-1.009,0.012,0.114
mid_even,308,570,22.8,0-1,0-2,B_red,-1.003,0.033,0.218
mid_even,308,1483,59.3,0-2,1-2,A_blue,1.009,-0.01,0.71
mid_even,310,876,35.0,0-0,1-0,A_blue,1.007,-0.04,0.175
mid_even,311,2069,82.8,0-0,1-0,A_blue,1.017,0.015,0.225
mid_even,313,1260,50.4,0-0,0-1,B_red,-1.011,0.025,1.129
mid_even,314,502,20.1,0-0,0-1,B_red,-1.007,-0.016,0.472
mid_even,315,1197,47.9,0-0,1-0,A_blue,1.013,0.006,1.226
mid_even,316,213,8.5,0-0,0-1,B_red,-1.011,-0.019,0.171
mid_even,316,978,39.1,0-1,1-1,A_blue,1.014,-0.038,0.11
mid_even,317,550,22.0,0-0,1-0,A_blue,1.007,-0.042,0.109
mid_even,317,973,38.9,1-0,1-1,B_red,-1.003,0.032,0.406
mid_even,317,1454,58.2,1-1,2-1,A_blue,1.017,-0.02,0.613
mid_even,317,2200,88.0,2-1,3-1,A_blue,1.017,-0.038,1.371
mid_even,318,535,21.4,0-0,0-1,B_red,-1.016,0.011,0.126
mid_even,319,1507,60.3,0-0,0-1,B_red,-1.004,0.016,2.328
mid_even,319,1760,70.4,0-1,1-1,A_blue,1.005,-0.021,0.133
mid_even,319,2714,108.6,1-1,2-1,A_blue,1.016,0.038,0.149
mid_even,322,2543,101.7,0-0,1-0,A_blue,1.012,-0.023,0.125
mid_even,324,293,11.7,0-0,1-0,A_blue,1.019,-0.024,0.81
mid_even,325,203,8.1,0-0,1-0,A_blue,1.016,-0.008,0.23
mid_even,325,1265,50.6,1-0,2-0,A_blue,1.003,-0.035,0.595
mid_even,325,1587,63.5,2-0,2-1,B_red,-1.016,-0.029,0.785
mid_even,327,1246,49.8,0-0,0-1,B_red,-1.016,0.033,0.126
mid_even,331,2269,90.8,0-0,0-1,B_red,-1.018,-0.038,1.871
mid_even,335,2316,92.6,0-0,1-0,A_blue,1.014,0.038,0.223
mid_even,337,776,31.0,0-0,1-0,A_blue,1.01,0.011,0.315
mid_even,339,268,10.7,0-0,1-0,A_blue,1.01,0.037,0.238
mid_even,339,783,31.3,1-0,1-1,B_red,-1.014,0.011,0.167
mid_even,339,1523,60.9,1-1,2-1,A_blue,1.014,0.002,0.254
mid_even,340,956,38.2,0-0,1-0,A_blue,1.004,0.01,0.471
mid_even,342,1908,76.3,0-0,0-1,B_red,-1.004,0.01,0.212
mid_even,343,637,25.5,0-0,1-0,A_blue,1.014,0.037,0.525
mid_even,344,777,31.1,0-0,0-1,B_red,-1.012,0.013,0.188
mid_even,345,1632,65.3,0-0,0-1,B_red,-1.013,0.035,0.88
mid_even,345,2477,99.1,0-1,1-1,A_blue,1.012,-0.029,0.106
mid_even,346,670,26.8,0-0,1-0,A_blue,1.016,0.04,1.23
mid_even,346,1441,57.6,1-0,2-0,A_blue,1.014,0.025,1.471
mid_even,349,2317,92.7,0-0,1-0,A_blue,1.004,-0.041,0.217
mid_push,300,1040,41.6,0-0,0-1,B_red,-1.005,0.027,0.182
mid_push,300,1371,54.8,0-1,0-2,B_red,-1.01,0.037,0.266
mid_push,300,1851,74.0,0-2,1-2,A_blue,1.002,-0.012,0.964
mid_push,300,2632,105.3,1-2,2-2,A_blue,1.01,-0.019,0.196
mid_push,301,1115,44.6,0-0,1-0,A_blue,1.004,0.016,0.215
mid_push,301,1459,58.4,1-0,1-1,B_red,-1.015,-0.013,1.271
mid_push,301,2203,88.1,1-1,2-1,A_blue,1.014,0.024,0.138
mid_push,302,2419,96.8,0-0,0-1,B_red,-1.012,0.011,0.434
mid_push,303,2323,92.9,0-0,1-0,A_blue,1.012,-0.039,0.154
mid_push,304,398,15.9,0-0,1-0,A_blue,1.007,-0.042,1.809
mid_push,304,1550,62.0,1-0,2-0,A_blue,1.005,0.016,0.595
mid_push,306,159,6.4,0-0,1-0,A_blue,1.001,-0.021,0.341
mid_push,308,2334,93.4,0-0,0-1,B_red,-1.013,0.024,0.177
mid_push,309,1338,53.5,0-0,1-0,A_blue,1.008,-0.014,0.201
mid_push,310,249,10.0,0-0,1-0,A_blue,1.015,-0.039,0.931
mid_push,314,1186,47.4,0-0,1-0,A_blue,1.01,-0.04,0.633
mid_push,314,2592,103.7,1-0,1-1,B_red,-1.009,0.04,1.767
mid_push,315,2569,102.8,0-0,0-1,B_red,-1.0,-0.023,0.819
mid_push,316,498,19.9,0-0,0-1,B_red,-1.003,0.025,0.109
mid_push,319,146,5.8,0-0,1-0,A_blue,1.013,0.026,2.033
mid_push,319,1904,76.2,1-0,2-0,A_blue,1.012,-0.01,0.2
mid_push,319,2732,109.3,2-0,3-0,A_blue,1.015,0.013,0.111
mid_push,322,139,5.6,0-0,1-0,A_blue,1.015,-0.006,0.47
mid_push,323,2096,83.8,0-0,1-0,A_blue,1.011,-0.027,1.67
mid_push,324,2297,91.9,0-0,0-1,B_red,-1.014,-0.005,0.118
mid_push,324,2540,101.6,0-1,1-1,A_blue,1.008,-0.031,1.504
mid_push,325,1526,61.0,0-0,0-1,B_red,-1.008,-0.003,0.221
mid_push,326,1170,46.8,0-0,1-0,A_blue,1.008,-0.042,1.113
mid_push,326,2359,94.4,1-0,1-1,B_red,-1.008,0.022,0.361
mid_push,327,873,34.9,0-0,0-1,B_red,-1.013,-0.02,2.095
mid_push,330,529,21.2,0-0,0-1,B_red,-1.014,0.043,0.998
mid_push,330,1722,68.9,0-1,0-2,B_red,-1.012,0.043,0.708
mid_push,330,1954,78.2,0-2,1-2,A_blue,1.014,-0.002,0.42
mid_push,331,1038,41.5,0-0,0-1,B_red,-1.016,0.038,0.722
mid_push,333,2540,101.6,0-0,0-1,B_red,-1.016,0.018,0.51
mid_push,337,1828,73.1,0-0,1-0,A_blue,1.009,-0.016,0.167
mid_push,339,2371,94.8,0-0,0-1,B_red,-1.011,0.025,2.168
mid_push,341,373,14.9,0-0,1-0,A_blue,1.012,0.04,0.78
mid_push,342,2363,94.5,0-0,0-1,B_red,-1.014,0.037,1.345
mid_push,342,2675,107.0,0-1,1-1,A_blue,1.011,-0.04,0.891
mid_push,345,1278,51.1,0-0,0-1,B_red,-1.013,0.022,0.586
mid_push,348,930,37.2,0-0,1-0,A_blue,1.008,0.042,0.817
mid_push,349,904,36.2,0-0,1-0,A_blue,1.01,-0.014,1.117
mid_r,300,205,8.2,0-0,0-1,B_red,-1.015,-0.008,0.129
mid_r,301,826,33.0,0-0,0-1,B_red,-0.999,0.008,0.933
mid_r,304,304,12.2,0-0,0-1,B_red,-1.012,-0.026,0.673
mid_r,304,1948,77.9,0-1,0-2,B_red,-1.016,0.006,0.129
mid_r,305,162,6.5,0-0,0-1,B_red,-1.002,-0.036,0.876
mid_r,305,1051,42.0,0-1,0-2,B_red,-1.013,0.003,0.413
mid_r,305,2297,91.9,0-2,0-3,B_red,-1.009,0.018,0.582
mid_r,306,1294,51.8,0-0,1-0,A_blue,1.002,-0.018,0.137
mid_r,306,1538,61.5,1-0,1-1,B_red,-1.016,-0.008,0.222
mid_r,306,2572,102.9,1-1,2-1,A_blue,1.013,-0.041,0.158
mid_r,308,917,36.7,0-0,1-0,A_blue,1.009,-0.02,0.725
mid_r,308,2632,105.3,1-0,2-0,A_blue,1.006,0.045,0.968
mid_r,310,1299,52.0,0-0,1-0,A_blue,1.008,0.042,0.908
mid_r,311,1690,67.6,0-0,1-0,A_blue,1.001,-0.015,0.355
mid_r,311,2226,89.0,1-0,2-0,A_blue,1.015,-0.017,0.113
mid_r,313,1122,44.9,0-0,1-0,A_blue,1.003,0.017,2.065
mid_r,313,2451,98.0,1-0,1-1,B_red,-1.014,-0.038,0.463
mid_r,314,2306,92.2,0-0,1-0,A_blue,1.016,-0.029,0.404
mid_r,320,2442,97.7,0-0,0-1,B_red,-1.012,-0.018,0.107
mid_r,323,1136,45.4,0-0,1-0,A_blue,1.01,0.018,0.147
mid_r,323,2647,105.9,1-0,1-1,B_red,-1.003,0.035,0.413
mid_r,324,514,20.6,0-0,1-0,A_blue,1.015,-0.013,0.627
mid_r,325,706,28.2,0-0,1-0,A_blue,1.016,0.029,0.399
mid_r,327,1359,54.4,0-0,0-1,B_red,-1.009,0.021,1.443
mid_r,329,622,24.9,0-0,1-0,A_blue,1.009,0.029,0.475
mid_r,330,1309,52.4,0-0,1-0,A_blue,1.01,-0.042,1.031
mid_r,332,964,38.6,0-0,1-0,A_blue,1.011,-0.025,0.264
mid_r,333,2476,99.0,0-0,0-1,B_red,-1.003,-0.035,0.805
mid_r,334,737,29.5,0-0,1-0,A_blue,1.008,-0.028,1.185
mid_r,338,855,34.2,0-0,0-1,B_red,-1.012,-0.003,0.248
mid_r,340,651,26.0,0-0,1-0,A_blue,1.002,0.009,0.764
mid_r,342,2115,84.6,0-0,0-1,B_red,-1.004,0.023,0.168
mid_r,344,1507,60.3,0-0,0-1,B_red,-1.011,0.04,2.242
mid_r,344,2043,81.7,0-1,1-1,A_blue,1.017,0.02,1.9
mid_r,345,1150,46.0,0-0,0-1,B_red,-1.009,0.015,1.918
mid_r,345,1474,59.0,0-1,1-1,A_blue,1.014,-0.032,0.287
mid_r,346,262,10.5,0-0,0-1,B_red,-1.018,0.03,0.81
mid_r,346,1105,44.2,0-1,0-2,B_red,-1.014,0.001,0.079
mid_r,346,1777,71.1,0-2,1-2,A_blue,1.008,-0.032,0.123
mid_r,346,2235,89.4,1-2,2-2,A_blue,1.009,-0.015,0.14
mid_r,347,1793,71.7,0-0,1-0,A_blue,1.016,0.039,1.05
mid_r,348,435,17.4,0-0,0-1,B_red,-1.014,-0.035,0.937
mid_r,348,2283,91.3,0-1,0-2,B_red,-1.015,0.008,0.703
mid_r,348,2490,99.6,0-2,1-2,A_blue,1.009,-0.041,0.319
mid_r,349,1415,56.6,0-0,1-0,A_blue,1.011,-0.02,1.55
mid_r,349,2731,109.2,1-0,1-1,B_red,-1.004,0.027,0.598
wideL,301,167,6.7,0-0,1-0,A_blue,1.015,0.004,0.119
wideL,302,1192,47.7,0-0,1-0,A_blue,1.003,0.013,0.701
wideL,303,1197,47.9,0-0,1-0,A_blue,1.009,-0.034,1.339
wideL,303,1392,55.7,1-0,2-0,A_blue,1.009,-0.008,0.282
wideL,305,479,19.2,0-0,0-1,B_red,-1.003,0.005,0.518
wideL,305,830,33.2,0-1,0-2,B_red,-1.011,0.01,0.811
wideL,306,1496,59.8,0-0,1-0,A_blue,1.007,0.042,0.307
wideL,306,1673,66.9,1-0,2-0,A_blue,1.011,0.04,0.987
wideL,306,1843,73.7,2-0,3-0,A_blue,1.014,-0.033,1.604
wideL,307,2198,87.9,0-0,0-1,B_red,-1.012,0.021,0.138
wideL,307,2507,100.3,0-1,0-2,B_red,-1.016,0.022,0.867
wideL,309,160,6.4,0-0,1-0,A_blue,1.01,0.025,1.53
wideL,309,1447,57.9,1-0,1-1,B_red,-1.01,-0.007,0.679
wideL,309,2722,108.9,1-1,1-2,B_red,-1.008,-0.019,0.163
wideL,311,899,36.0,0-0,1-0,A_blue,1.016,0.026,0.211
wideL,312,1608,64.3,0-0,1-0,A_blue,1.005,0.017,0.826
wideL,313,336,13.4,0-0,1-0,A_blue,1.012,-0.017,1.298
wideL,314,909,36.4,0-0,0-1,B_red,-1.01,0.041,0.166
wideL,315,272,10.9,0-0,1-0,A_blue,1.011,-0.029,0.609
wideL,315,657,26.3,1-0,1-1,B_red,-1.015,-0.018,0.65
wideL,315,823,32.9,1-1,1-2,B_red,-1.018,-0.029,0.16
wideL,318,2668,106.7,0-0,0-1,B_red,-1.017,0.042,0.561
wideL,319,2657,106.3,0-0,0-1,B_red,-1.012,-0.033,0.491
wideL,322,876,35.0,0-0,1-0,A_blue,1.009,-0.041,2.144
wideL,324,608,24.3,0-0,1-0,A_blue,1.009,0.037,1.423
wideL,325,2067,82.7,0-0,1-0,A_blue,1.016,-0.031,0.206
wideL,326,841,33.6,0-0,0-1,B_red,-1.003,-0.021,0.135
wideL,326,1174,47.0,0-1,1-1,A_blue,1.016,-0.015,1.702
wideL,328,1516,60.6,0-0,1-0,A_blue,1.007,0.002,1.696
wideL,329,1210,48.4,0-0,0-1,B_red,-1.01,-0.02,0.334
wideL,329,1412,56.5,0-1,0-2,B_red,-1.014,0.015,0.163
wideL,332,2351,94.0,0-0,0-1,B_red,-1.017,0.011,0.8
wideL,333,919,36.8,0-0,0-1,B_red,-1.002,-0.017,0.754
wideL,333,1739,69.6,0-1,0-2,B_red,-1.01,0.012,0.438
wideL,333,1915,76.6,0-2,0-3,B_red,-1.005,0.034,0.374
wideL,334,1408,56.3,0-0,0-1,B_red,-1.003,-0.026,1.83
wideL,334,1680,67.2,0-1,0-2,B_red,-1.017,0.008,0.127
wideL,335,1097,43.9,0-0,1-0,A_blue,1.014,0.038,0.263
wideL,336,665,26.6,0-0,1-0,A_blue,1.011,-0.031,1.054
wideL,336,2181,87.2,1-0,1-1,B_red,-1.014,-0.018,0.109
wideL,337,508,20.3,0-0,1-0,A_blue,1.009,0.013,0.116
wideL,337,977,39.1,1-0,2-0,A_blue,1.012,-0.023,0.673
wideL,337,2347,93.9,2-0,2-1,B_red,-1.013,0.011,0.179
wideL,338,2249,90.0,0-0,1-0,A_blue,1.007,-0.029,0.314
wideL,339,171,6.8,0-0,1-0,A_blue,1.011,0.025,0.464
wideL,341,674,27.0,0-0,1-0,A_blue,1.004,-0.026,0.107
wideL,342,443,17.7,0-0,0-1,B_red,-1.017,-0.022,0.239
wideL,342,2719,108.8,0-1,1-1,A_blue,1.008,0.041,0.686
wideL,344,1706,68.2,0-0,1-0,A_blue,1.014,0.03,1.231
wideL,345,2114,84.6,0-0,0-1,B_red,-0.999,0.029,0.958
wideL,346,1709,68.4,0-0,1-0,A_blue,1.0,-0.02,1.352
wideL,348,714,28.6,0-0,1-0,A_blue,1.011,-0.015,2.138
wideL,348,1309,52.4,1-0,1-1,B_red,-1.011,-0.028,0.11
wideR,301,477,19.1,0-0,1-0,A_blue,1.016,0.034,0.694
wideR,301,855,34.2,1-0,1-1,B_red,-1.011,-0.041,0.141
wideR,302,434,17.4,0-0,1-0,A_blue,1.014,-0.015,0.141
wideR,302,680,27.2,1-0,2-0,A_blue,1.012,0.02,0.114
wideR,302,2061,82.4,2-0,2-1,B_red,-1.007,0.005,0.119
wideR,302,2536,101.4,2-1,3-1,A_blue,1.002,0.047,1.283
wideR,304,2548,101.9,0-0,0-1,B_red,-1.008,0.029,1.642
wideR,305,2243,89.7,0-0,1-0,A_blue,1.004,-0.02,0.108
wideR,306,2155,86.2,0-0,0-1,B_red,-1.015,0.023,0.183
wideR,311,2487,99.5,0-0,0-1,B_red,-1.005,0.015,1.86
wideR,312,1264,50.6,0-0,1-0,A_blue,1.005,0.018,2.038
wideR,315,2113,84.5,0-0,0-1,B_red,-1.007,0.02,1.136
wideR,316,1853,74.1,0-0,1-0,A_blue,1.009,-0.007,0.386
wideR,316,2041,81.6,1-0,2-0,A_blue,1.012,0.015,0.861
wideR,319,2693,107.7,0-0,1-0,A_blue,1.013,0.008,0.109
wideR,320,1777,71.1,0-0,0-1,B_red,-1.012,-0.037,0.093
wideR,322,2394,95.8,0-0,0-1,B_red,-1.011,0.021,0.247
wideR,324,1336,53.4,0-0,1-0,A_blue,1.008,-0.008,0.832
wideR,324,1511,60.4,1-0,2-0,A_blue,1.007,0.037,0.104
wideR,324,1687,67.5,2-0,3-0,A_blue,1.006,-0.033,0.513
wideR,326,1307,52.3,0-0,0-1,B_red,-1.011,0.023,0.297
wideR,326,1957,78.3,0-1,1-1,A_blue,1.011,0.031,0.184
wideR,327,217,8.7,0-0,0-1,B_red,-1.014,-0.038,0.11
wideR,328,1720,68.8,0-0,1-0,A_blue,1.01,-0.025,2.125
wideR,329,903,36.1,0-0,0-1,B_red,-1.007,-0.02,0.16
wideR,334,1145,45.8,0-0,0-1,B_red,-1.004,0.025,0.146
wideR,335,2257,90.3,0-0,1-0,A_blue,1.017,-0.014,0.11
wideR,335,2654,106.2,1-0,2-0,A_blue,1.006,-0.025,0.12
wideR,336,2016,80.6,0-0,0-1,B_red,-1.006,-0.019,0.236
wideR,336,2403,96.1,0-1,0-2,B_red,-1.005,-0.016,0.146
wideR,337,766,30.6,0-0,0-1,B_red,-1.01,0.021,0.119
wideR,338,275,11.0,0-0,0-1,B_red,-1.005,0.004,0.142
wideR,339,662,26.5,0-0,1-0,A_blue,1.015,0.006,0.928
wideR,340,2499,100.0,0-0,1-0,A_blue,1.014,-0.038,0.432
wideR,343,332,13.3,0-0,0-1,B_red,-1.002,-0.018,0.904
wideR,343,545,21.8,0-1,0-2,B_red,-1.014,0.025,0.183
wideR,343,722,28.9,0-2,0-3,B_red,-1.018,0.037,0.908
wideR,343,1776,71.0,0-3,1-3,A_blue,1.002,0.038,1.106
wideR,344,1047,41.9,0-0,1-0,A_blue,1.008,0.022,0.277
wideR,344,1224,49.0,1-0,2-0,A_blue,1.011,0.032,1.737
wideR,345,2412,96.5,0-0,0-1,B_red,-1.003,0.035,1.412
wideR,346,2613,104.5,0-0,0-1,B_red,-1.013,0.008,0.118
wideR,347,1087,43.5,0-0,1-0,A_blue,1.002,-0.043,1.012
wideR,347,1472,58.9,1-0,2-0,A_blue,1.013,0.02,0.109
wideR,349,1723,68.9,0-0,0-1,B_red,-1.011,0.025,0.263
