clip,frame,t_sec,people,team_blue,team_red,goalkeepers
1,0,0.0,15,7,8,0
1,1,0.1,16,7,9,0
1,2,0.2,17,7,10,0
1,3,0.3,17,7,10,0
1,4,0.4,17,7,10,0
1,5,0.5,17,7,10,0
1,6,0.6,17,7,10,0
1,7,0.7,17,7,10,0
1,8,0.8,18,8,10,0
1,9,0.9,18,8,10,0
1,10,1.0,19,9,10,0
1,11,1.1,19,9,10,0
1,12,1.2,19,9,10,0
1,13,1.3,19,9,10,0
1,14,1.4,19,9,10,0
1,15,1.5,19,9,10,0
1,16,1.6,19,9,10,0
1,17,1.7,19,9,10,0
1,18,1.8,20,10,10,0
1,19,1.9,20,10,10,0
1,20,2.0,20,10,10,0
1,21,2.1,20,10,10,0
1,22,2.2,20,10,10,0
1,23,2.3,20,10,10,0
1,24,2.4,20,10,10,0
1,25,2.5,20,10,10,0
1,26,2.6,19,10,9,0
1,27,2.7,19,10,9,0
1,28,2.8,19,10,9,0
1,29,2.9,19,10,9,0
1,30,3.0,19,10,9,0
1,31,3.1,20,10,10,0
1,32,3.2,20,10,10,0
1,33,3.3,20,10,10,0
1,34,3.4,20,10,10,0
1,35,3.5,20,10,10,0
1,36,3.6,20,10,10,0
1,37,3.7,20,10,10,0
1,38,3.8,20,10,10,0
1,39,3.9,19,10,9,0
1,40,4.0,19,10,9,0
1,41,4.1,19,10,9,0
1,42,4.2,19,10,9,0
1,43,4.3,19,10,9,0
1,44,4.4,19,10,9,0
1,45,4.5,19,10,9,0
1,46,4.6,19,10,9,0
1,47,4.7,19,10,9,0
1,48,4.8,19,10,9,0
1,49,4.9,19,10,9,0
2,0,0.0,19,10,9,0
2,1,0.1,19,10,9,0
2,2,0.2,19,10,9,0
2,3,0.3,19,10,9,0
2,4,0.4,18,10,8,0
2,5,0.5,18,10,8,0
2,6,0.6,18,10,8,0
2,7,0.7,18,10,8,0
2,8,0.8,17,9,8,0
2,9,0.9,17,9,8,0
2,10,1.0,17,9,8,0
2,11,1.1,16,8,8,0
2,12,1.2,16,8,8,0
2,13,1.3,16,8,8,0
2,14,1.4,15,7,8,0
2,15,1.5,15,7,8,0
2,16,1.6,15,7,8,0
2,17,1.7,16,7,9,0
2,18,1.8,17,8,9,0
2,19,1.9,16,8,8,0
2,20,2.0,16,8,8,0
2,21,2.1,16,8,8,0
2,22,2.2,16,8,8,0
2,23,2.3,15,7,8,0
2,24,2.4,15,7,8,0
2,25,2.5,15,7,8,0
2,26,2.6,15,7,8,0
2,27,2.7,15,7,8,0
2,28,2.8,16,8,8,0
2,29,2.9,16,8,8,0
2,30,3.0,16,8,8,0
2,31,3.1,16,8,8,0
2,32,3.2,16,8,8,0
2,33,3.3,17,8,9,0
2,34,3.4,17,8,9,0
2,35,3.5,17,8,9,0
2,36,3.6,17,8,9,0
2,37,3.7,17,8,9,0
2,38,3.8,16,8,8,0
2,39,3.9,16,8,8,0
2,40,4.0,16,8,8,0
2,41,4.1,16,8,8,0
2,42,4.2,15,7,8,0
2,43,4.3,16,8,8,0
2,44,4.4,16,8,8,0
2,45,4.5,16,8,8,0
2,46,4.6,16,8,8,0
2,47,4.7,16,8,8,0
2,48,4.8,16,8,8,0
2,49,4.9,16,8,8,0
3,0,0.0,16,8,8,0
3,1,0.1,16,8,8,0
3,2,0.2,16,8,8,0
3,3,0.3,16,8,8,0
3,4,0.4,16,8,8,0
3,5,0.5,15,7,8,0
3,6,0.6,15,7,8,0
3,7,0.7,15,7,8,0
3,8,0.8,15,7,8,0
3,9,0.9,15,7,8,0
3,10,1.0,15,7,8,0
3,11,1.1,16,8,8,0
3,12,1.2,16,8,8,0
3,13,1.3,16,8,8,0
3,14,1.4,17,9,8,0
3,15,1.5,17,9,8,0
3,16,1.6,17,9,8,0
3,17,1.7,18,9,9,0
3,18,1.8,18,9,9,0
3,19,1.9,18,9,9,0
3,20,2.0,17,9,8,0
3,21,2.1,17,9,8,0
3,22,2.2,16,8,8,0
3,23,2.3,17,8,9,0
3,24,2.4,16,8,8,0
3,25,2.5,16,8,8,0
3,26,2.6,16,8,8,0
3,27,2.7,16,8,8,0
3,28,2.8,16,8,8,0
3,29,2.9,16,8,8,0
3,30,3.0,16,8,8,0
3,31,3.1,16,8,8,0
3,32,3.2,16,8,8,0
3,33,3.3,16,8,8,0
3,34,3.4,16,8,8,0
3,35,3.5,15,7,8,0
3,36,3.6,16,7,9,0
3,37,3.7,17,8,9,0
3,38,3.8,17,8,9,0
3,39,3.9,17,8,9,0
3,40,4.0,17,8,9,0
3,41,4.1,17,8,9,0
3,42,4.2,17,8,9,0
3,43,4.3,17,8,9,0
3,44,4.4,17,8,9,0
3,45,4.5,17,8,9,0
3,46,4.6,17,8,9,0
3,47,4.7,17,8,9,0
3,48,4.8,17,8,9,0
3,49,4.9,17,8,9,0
4,0,0.0,17,8,9,0
4,1,0.1,18,9,9,1
4,2,0.2,18,9,9,1
4,3,0.3,17,8,9,1
4,4,0.4,17,8,9,1
4,5,0.5,17,8,9,1
4,6,0.6,15,8,7,1
4,7,0.7,14,7,7,1
4,8,0.8,14,7,7,1
4,9,0.9,14,7,7,1
4,10,1.0,14,7,7,1
4,11,1.1,14,7,7,1
4,12,1.2,14,7,7,1
4,13,1.3,14,7,7,1
4,14,1.4,14,7,7,1
4,15,1.5,14,7,7,1
4,16,1.6,14,7,7,1
4,17,1.7,14,7,7,1
4,18,1.8,14,7,7,1
4,19,1.9,14,7,7,1
4,20,2.0,14,7,7,1
4,21,2.1,14,7,7,1
4,22,2.2,14,7,7,1
4,23,2.3,14,7,7,1
4,24,2.4,13,6,7,1
4,25,2.5,13,6,7,1
4,26,2.6,13,6,7,1
4,27,2.7,13,6,7,1
4,28,2.8,14,6,8,1
4,29,2.9,14,6,8,1
4,30,3.0,14,6,8,1
4,31,3.1,14,6,8,1
4,32,3.2,14,6,8,1
4,33,3.3,14,6,8,1
4,34,3.4,14,6,8,1
4,35,3.5,14,6,8,1
4,36,3.6,14,6,8,1
4,37,3.7,14,6,8,1
4,38,3.8,14,6,8,1
4,39,3.9,14,6,8,1
4,40,4.0,14,6,8,1
4,41,4.1,13,6,7,1
4,42,4.2,13,6,7,1
4,43,4.3,13,6,7,1
4,44,4.4,13,6,7,1
4,45,4.5,13,6,7,1
4,46,4.6,13,6,7,1
4,47,4.7,13,6,7,1
4,48,4.8,13,6,7,1
4,49,4.9,14,6,8,1
5,0,0.0,7,2,5,0
5,1,0.1,7,2,5,0
5,2,0.2,7,2,5,0
5,3,0.3,7,2,5,0
5,4,0.4,7,2,5,0
5,5,0.5,7,2,5,0
5,6,0.6,7,2,5,0
5,7,0.7,7,2,5,0
5,8,0.8,8,3,5,0
5,9,0.9,10,4,6,0
5,10,1.0,10,4,6,0
5,11,1.1,10,4,6,0
5,12,1.2,11,5,6,0
5,13,1.3,11,5,6,0
5,14,1.4,11,5,6,0
5,15,1.5,11,5,6,0
5,16,1.6,11,5,6,0
5,17,1.7,12,6,6,0
5,18,1.8,12,6,6,0
5,19,1.9,12,6,6,0
5,20,2.0,13,7,6,0
5,21,2.1,14,7,7,0
5,22,2.2,14,7,7,0
5,23,2.3,14,7,7,0
5,24,2.4,14,7,7,0
5,25,2.5,14,7,7,0
5,26,2.6,14,7,7,0
5,27,2.7,14,7,7,0
5,28,2.8,14,7,7,0
5,29,2.9,14,7,7,0
5,30,3.0,14,7,7,0
5,31,3.1,14,7,7,0
5,32,3.2,14,7,7,0
5,33,3.3,14,7,7,0
5,34,3.4,14,7,7,0
5,35,3.5,14,7,7,0
5,36,3.6,14,7,7,0
5,37,3.7,15,7,8,0
5,38,3.8,15,7,8,0
5,39,3.9,15,7,8,0
5,40,4.0,15,7,8,0
5,41,4.1,16,8,8,0
5,42,4.2,17,8,9,0
5,43,4.3,17,8,9,0
5,44,4.4,17,8,9,0
5,45,4.5,17,8,9,0
5,46,4.6,17,8,9,0
5,47,4.7,17,8,9,0
5,48,4.8,17,8,9,0
5,49,4.9,17,8,9,0
6,0,0.0,17,8,9,0
6,1,0.1,17,8,9,0
6,2,0.2,17,8,9,0
6,3,0.3,17,7,10,0
6,4,0.4,17,7,10,0
6,5,0.5,17,7,10,0
6,6,0.6,17,7,10,0
6,7,0.7,17,7,10,0
6,8,0.8,17,7,10,0
6,9,0.9,17,7,10,0
6,10,1.0,17,7,10,0
6,11,1.1,16,6,10,0
6,12,1.2,16,6,10,0
6,13,1.3,16,6,10,0
6,14,1.4,17,7,10,0
6,15,1.5,17,7,10,0
6,16,1.6,17,7,10,0
6,17,1.7,16,7,9,0
6,18,1.8,16,7,9,0
6,19,1.9,15,7,8,0
6,20,2.0,15,7,8,0
6,21,2.1,15,7,8,0
6,22,2.2,15,7,8,0
6,23,2.3,15,7,8,0
6,24,2.4,15,7,8,0
6,25,2.5,14,6,8,0
6,26,2.6,14,6,8,0
6,27,2.7,14,6,8,0
6,28,2.8,14,6,8,0
6,29,2.9,14,6,8,0
6,30,3.0,15,6,9,0
6,31,3.1,15,6,9,0
6,32,3.2,16,7,9,0
6,33,3.3,16,7,9,0
6,34,3.4,16,7,9,0
6,35,3.5,16,7,9,0
6,36,3.6,16,7,9,0
6,37,3.7,16,7,9,0
6,38,3.8,16,7,9,0
6,39,3.9,16,7,9,0
6,40,4.0,16,7,9,0
6,41,4.1,16,7,9,0
6,42,4.2,16,7,9,0
6,43,4.3,16,7,9,0
6,44,4.4,16,7,9,0
6,45,4.5,16,7,9,0
6,46,4.6,16,7,9,0
6,47,4.7,16,7,9,0
6,48,4.8,16,7,9,0
6,49,4.9,16,7,9,0
7,0,0.0,16,7,9,0
7,1,0.1,16,7,9,0
7,2,0.2,17,7,10,0
7,3,0.3,17,7,10,0
7,4,0.4,17,7,10,0
7,5,0.5,17,7,10,0
7,6,0.6,17,7,10,0
7,7,0.7,17,7,10,0
7,8,0.8,18,8,10,0
7,9,0.9,18,9,9,0
7,10,1.0,19,10,9,0
7,11,1.1,19,10,9,0
7,12,1.2,19,10,9,0
7,13,1.3,19,10,9,0
7,14,1.4,19,10,9,0
7,15,1.5,19,10,9,0
7,16,1.6,18,9,9,0
7,17,1.7,19,10,9,0
7,18,1.8,19,10,9,0
7,19,1.9,19,10,9,0
7,20,2.0,18,10,8,0
7,21,2.1,18,10,8,0
7,22,2.2,18,10,8,0
7,23,2.3,18,10,8,0
7,24,2.4,18,10,8,0
7,25,2.5,18,10,8,0
7,26,2.6,19,10,9,0
7,27,2.7,19,10,9,0
7,28,2.8,19,10,9,0
7,29,2.9,19,10,9,0
7,30,3.0,19,10,9,0
7,31,3.1,17,9,8,0
7,32,3.2,18,9,9,0
7,33,3.3,18,9,9,0
7,34,3.4,18,9,9,0
7,35,3.5,18,9,9,0
7,36,3.6,18,9,9,0
7,37,3.7,18,9,9,0
7,38,3.8,19,10,9,0
7,39,3.9,19,10,9,0
7,40,4.0,19,10,9,0
7,41,4.1,19,10,9,0
7,42,4.2,18,9,9,0
7,43,4.3,18,9,9,0
7,44,4.4,18,9,9,0
7,45,4.5,18,9,9,0
7,46,4.6,17,9,8,0
7,47,4.7,17,9,8,0
7,48,4.8,17,9,8,0
7,49,4.9,17,9,8,0
8,0,0.0,17,9,8,0
8,1,0.1,17,9,8,0
8,2,0.2,17,9,8,0
8,3,0.3,17,9,8,0
8,4,0.4,17,9,8,0
8,5,0.5,17,9,8,0
8,6,0.6,17,9,8,0
8,7,0.7,17,9,8,0
8,8,0.8,17,9,8,0
8,9,0.9,17,9,8,0
8,10,1.0,18,9,9,0
8,11,1.1,18,9,9,0
8,12,1.2,18,9,9,0
8,13,1.3,18,9,9,0
8,14,1.4,16,7,9,0
8,15,1.5,16,7,9,0
8,16,1.6,16,7,9,0
8,17,1.7,16,7,9,0
8,18,1.8,16,7,9,0
8,19,1.9,16,7,9,0
8,20,2.0,15,7,8,0
8,21,2.1,15,7,8,0
8,22,2.2,15,7,8,0
8,23,2.3,15,7,8,0
8,24,2.4,15,7,8,0
8,25,2.5,15,6,9,0
8,26,2.6,15,6,9,0
8,27,2.7,15,6,9,0
8,28,2.8,15,6,9,0
8,29,2.9,15,6,9,0
8,30,3.0,15,6,9,0
8,31,3.1,13,6,7,0
8,32,3.2,12,6,6,0
8,33,3.3,12,6,6,0
8,34,3.4,12,6,6,0
8,35,3.5,12,6,6,0
8,36,3.6,12,6,6,0
8,37,3.7,13,6,7,0
8,38,3.8,14,6,8,0
8,39,3.9,14,6,8,0
8,40,4.0,14,6,8,0
8,41,4.1,15,7,8,0
8,42,4.2,15,7,8,0
8,43,4.3,15,7,8,0
8,44,4.4,16,7,9,0
8,45,4.5,17,8,9,0
8,46,4.6,17,8,9,0
8,47,4.7,17,8,9,0
8,48,4.8,18,9,9,0
8,49,4.9,18,9,9,0
9,0,0.0,18,9,9,0
9,1,0.1,17,8,9,0
9,2,0.2,17,8,9,0
9,3,0.3,17,8,9,0
9,4,0.4,18,8,10,0
9,5,0.5,18,8,10,0
9,6,0.6,17,8,9,0
9,7,0.7,17,8,9,0
9,8,0.8,18,9,9,0
9,9,0.9,18,9,9,0
9,10,1.0,18,9,9,0
9,11,1.1,18,9,9,0
9,12,1.2,18,9,9,0
9,13,1.3,18,9,9,0
9,14,1.4,19,9,10,0
9,15,1.5,19,9,10,0
9,16,1.6,19,9,10,0
9,17,1.7,19,9,10,0
9,18,1.8,18,9,9,0
9,19,1.9,17,8,9,0
9,20,2.0,17,8,9,0
9,21,2.1,17,8,9,0
9,22,2.2,17,8,9,0
9,23,2.3,17,8,9,0
9,24,2.4,17,8,9,0
9,25,2.5,16,7,9,0
9,26,2.6,15,7,8,0
9,27,2.7,15,7,8,0
9,28,2.8,15,7,8,0
9,29,2.9,15,7,8,0
9,30,3.0,15,7,8,0
9,31,3.1,15,7,8,0
9,32,3.2,15,7,8,0
9,33,3.3,15,7,8,0
9,34,3.4,14,7,7,0
9,35,3.5,15,7,8,0
9,36,3.6,15,7,8,0
9,37,3.7,15,7,8,0
9,38,3.8,15,7,8,0
9,39,3.9,15,7,8,0
9,40,4.0,15,7,8,0
9,41,4.1,14,7,7,0
9,42,4.2,14,7,7,0
9,43,4.3,13,6,7,0
9,44,4.4,13,6,7,0
9,45,4.5,12,6,6,0
9,46,4.6,12,6,6,0
9,47,4.7,13,6,7,0
9,48,4.8,13,6,7,0
9,49,4.9,14,6,8,0
10,0,0.0,14,7,7,0
10,1,0.1,14,7,7,0
10,2,0.2,15,7,8,0
10,3,0.3,15,7,8,0
10,4,0.4,15,7,8,0
10,5,0.5,15,7,8,0
10,6,0.6,15,7,8,0
10,7,0.7,15,7,8,0
10,8,0.8,15,7,8,0
10,9,0.9,16,7,9,0
10,10,1.0,17,8,9,0
10,11,1.1,17,8,9,0
10,12,1.2,17,8,9,0
10,13,1.3,17,8,9,0
10,14,1.4,17,8,9,0
10,15,1.5,17,8,9,0
10,16,1.6,17,8,9,0
10,17,1.7,17,8,9,0
10,18,1.8,17,8,9,0
10,19,1.9,17,8,9,0
10,20,2.0,17,8,9,0
10,21,2.1,17,8,9,0
10,22,2.2,17,8,9,0
10,23,2.3,17,8,9,0
10,24,2.4,17,8,9,0
10,25,2.5,17,8,9,0
10,26,2.6,17,8,9,0
10,27,2.7,17,8,9,0
10,28,2.8,17,8,9,0
10,29,2.9,17,8,9,0
10,30,3.0,17,8,9,0
10,31,3.1,17,8,9,0
10,32,3.2,17,8,9,0
10,33,3.3,17,8,9,0
10,34,3.4,17,8,9,0
10,35,3.5,17,8,9,0
10,36,3.6,17,8,9,0
10,37,3.7,17,8,9,0
10,38,3.8,17,8,9,0
10,39,3.9,17,8,9,0
10,40,4.0,17,8,9,0
10,41,4.1,17,8,9,0
10,42,4.2,17,8,9,0
10,43,4.3,17,8,9,0
10,44,4.4,17,8,9,0
10,45,4.5,17,8,9,0
10,46,4.6,17,8,9,0
10,47,4.7,17,8,9,0
10,48,4.8,17,8,9,0
10,49,4.9,17,8,9,0
11,0,0.0,17,8,9,0
11,1,0.1,17,8,9,0
11,2,0.2,17,8,9,0
11,3,0.3,17,8,9,0
11,4,0.4,17,8,9,0
11,5,0.5,17,8,9,0
11,6,0.6,17,8,9,0
11,7,0.7,17,8,9,0
11,8,0.8,17,8,9,0
11,9,0.9,17,8,9,0
11,10,1.0,16,7,9,0
11,11,1.1,16,7,9,0
11,12,1.2,15,7,8,0
11,13,1.3,15,7,8,0
11,14,1.4,15,7,8,0
11,15,1.5,15,7,8,0
11,16,1.6,15,7,8,0
11,17,1.7,15,7,8,0
11,18,1.8,16,8,8,0
11,19,1.9,16,8,8,0
11,20,2.0,15,7,8,0
11,21,2.1,15,7,8,0
11,22,2.2,15,7,8,0
11,23,2.3,15,7,8,0
11,24,2.4,15,7,8,0
11,25,2.5,15,7,8,0
11,26,2.6,15,7,8,0
11,27,2.7,15,7,8,0
11,28,2.8,15,7,8,0
11,29,2.9,14,7,7,0
11,30,3.0,14,7,7,0
11,31,3.1,14,7,7,0
11,32,3.2,14,7,7,0
11,33,3.3,14,7,7,0
11,34,3.4,14,7,7,0
11,35,3.5,14,7,7,0
11,36,3.6,14,7,7,0
11,37,3.7,14,7,7,0
11,38,3.8,13,6,7,0
11,39,3.9,14,6,8,0
11,40,4.0,14,6,8,0
11,41,4.1,13,6,7,0
11,42,4.2,14,6,8,0
11,43,4.3,14,6,8,0
11,44,4.4,13,6,7,0
11,45,4.5,13,6,7,0
11,46,4.6,13,6,7,0
11,47,4.7,13,6,7,0
11,48,4.8,13,6,7,0
11,49,4.9,13,6,7,0
12,0,0.0,13,6,7,0
12,1,0.1,13,6,7,0
12,2,0.2,13,6,7,0
12,3,0.3,13,6,7,0
12,4,0.4,13,6,7,0
12,5,0.5,13,6,7,0
12,6,0.6,12,6,6,0
12,7,0.7,12,6,6,0
12,8,0.8,12,6,6,0
12,9,0.9,12,6,6,0
12,10,1.0,12,6,6,0
12,11,1.1,12,6,6,0
12,12,1.2,12,6,6,0
12,13,1.3,11,6,5,0
12,14,1.4,11,6,5,0
12,15,1.5,11,6,5,0
12,16,1.6,11,6,5,0
12,17,1.7,11,6,5,0
12,18,1.8,11,6,5,0
12,19,1.9,11,6,5,0
12,20,2.0,11,6,5,0
12,21,2.1,11,6,5,0
12,22,2.2,11,6,5,0
12,23,2.3,11,6,5,0
12,24,2.4,10,6,4,0
12,25,2.5,10,6,4,0
12,26,2.6,10,6,4,0
12,27,2.7,11,7,4,0
12,28,2.8,11,7,4,0
12,29,2.9,12,7,5,0
12,30,3.0,12,7,5,0
12,31,3.1,12,7,5,0
12,32,3.2,12,7,5,1
12,33,3.3,12,7,5,1
12,34,3.4,13,8,5,1
12,35,3.5,13,8,5,1
12,36,3.6,13,8,5,1
12,37,3.7,13,8,5,1
12,38,3.8,13,8,5,1
12,39,3.9,13,8,5,1
12,40,4.0,13,8,5,1
12,41,4.1,13,8,5,1
12,42,4.2,13,8,5,1
12,43,4.3,14,8,6,1
12,44,4.4,14,8,6,1
12,45,4.5,15,8,7,1
12,46,4.6,15,8,7,1
12,47,4.7,15,8,7,1
12,48,4.8,15,8,7,1
12,49,4.9,15,8,7,1
13,0,0.0,15,7,8,0
13,1,0.1,17,7,10,0
13,2,0.2,17,7,10,0
13,3,0.3,17,7,10,0
13,4,0.4,17,7,10,0
13,5,0.5,17,7,10,0
13,6,0.6,17,7,10,0
13,7,0.7,17,7,10,0
13,8,0.8,17,7,10,0
13,9,0.9,18,8,10,0
13,10,1.0,18,8,10,0
13,11,1.1,19,9,10,0
13,12,1.2,19,9,10,0
13,13,1.3,20,10,10,0
13,14,1.4,20,10,10,0
13,15,1.5,20,10,10,0
13,16,1.6,19,9,10,0
13,17,1.7,19,9,10,0
13,18,1.8,19,9,10,0
13,19,1.9,19,9,10,0
13,20,2.0,19,9,10,0
13,21,2.1,20,10,10,0
13,22,2.2,19,10,9,0
13,23,2.3,19,10,9,0
13,24,2.4,19,10,9,0
13,25,2.5,19,10,9,0
13,26,2.6,19,10,9,0
13,27,2.7,20,10,10,0
13,28,2.8,19,9,10,0
13,29,2.9,19,9,10,0
13,30,3.0,19,9,10,0
13,31,3.1,19,9,10,0
13,32,3.2,19,9,10,0
13,33,3.3,19,9,10,0
13,34,3.4,19,9,10,0
13,35,3.5,19,9,10,0
13,36,3.6,19,9,10,0
13,37,3.7,19,9,10,0
13,38,3.8,19,9,10,0
13,39,3.9,19,9,10,0
13,40,4.0,20,10,10,0
13,41,4.1,20,10,10,0
13,42,4.2,20,10,10,0
13,43,4.3,20,10,10,0
13,44,4.4,20,10,10,0
13,45,4.5,20,10,10,0
13,46,4.6,20,10,10,0
13,47,4.7,20,10,10,0
13,48,4.8,20,10,10,0
13,49,4.9,20,10,10,0
14,0,0.0,20,10,10,0
14,1,0.1,20,10,10,0
14,2,0.2,20,10,10,0
14,3,0.3,20,10,10,0
14,4,0.4,20,10,10,0
14,5,0.5,20,10,10,0
14,6,0.6,20,10,10,0
14,7,0.7,20,10,10,0
14,8,0.8,20,10,10,0
14,9,0.9,20,10,10,0
14,10,1.0,20,10,10,0
14,11,1.1,20,10,10,0
14,12,1.2,20,10,10,0
14,13,1.3,20,10,10,0
14,14,1.4,20,10,10,0
14,15,1.5,20,10,10,0
14,16,1.6,20,10,10,0
14,17,1.7,19,10,9,0
14,18,1.8,20,10,10,0
14,19,1.9,20,10,10,0
14,20,2.0,20,10,10,0
14,21,2.1,20,10,10,0
14,22,2.2,20,10,10,0
14,23,2.3,19,9,10,0
14,24,2.4,19,9,10,0
14,25,2.5,19,9,10,0
14,26,2.6,19,9,10,0
14,27,2.7,19,9,10,0
14,28,2.8,19,9,10,0
14,29,2.9,19,9,10,0
14,30,3.0,19,9,10,0
14,31,3.1,19,9,10,0
14,32,3.2,19,9,10,0
14,33,3.3,19,9,10,0
14,34,3.4,19,9,10,0
14,35,3.5,19,9,10,0
14,36,3.6,19,9,10,0
14,37,3.7,19,9,10,0
14,38,3.8,19,9,10,0
14,39,3.9,19,9,10,0
14,40,4.0,19,9,10,0
14,41,4.1,19,9,10,0
14,42,4.2,19,9,10,0
14,43,4.3,19,9,10,0
14,44,4.4,19,9,10,0
14,45,4.5,19,9,10,0
14,46,4.6,19,9,10,0
14,47,4.7,19,9,10,0
14,48,4.8,18,9,9,0
14,49,4.9,17,8,9,0
15,0,0.0,17,8,9,0
15,1,0.1,17,8,9,0
15,2,0.2,16,8,8,0
15,3,0.3,16,8,8,0
15,4,0.4,15,8,7,0
15,5,0.5,15,8,7,0
15,6,0.6,15,8,7,0
15,7,0.7,15,8,7,0
15,8,0.8,15,8,7,0
15,9,0.9,15,8,7,0
15,10,1.0,15,8,7,0
15,11,1.1,15,8,7,0
15,12,1.2,15,8,7,0
15,13,1.3,15,8,7,0
15,14,1.4,15,8,7,0
15,15,1.5,15,8,7,0
15,16,1.6,15,8,7,0
15,17,1.7,16,8,8,0
15,18,1.8,17,9,8,0
15,19,1.9,17,9,8,0
15,20,2.0,17,9,8,0
15,21,2.1,18,9,9,0
15,22,2.2,18,9,9,0
15,23,2.3,18,9,9,0
15,24,2.4,18,9,9,0
15,25,2.5,18,9,9,0
15,26,2.6,16,8,8,0
15,27,2.7,16,8,8,0
15,28,2.8,16,8,8,0
15,29,2.9,16,8,8,0
15,30,3.0,16,8,8,0
15,31,3.1,16,8,8,0
15,32,3.2,16,8,8,0
15,33,3.3,17,8,9,1
15,34,3.4,17,8,9,1
15,35,3.5,17,8,9,1
15,36,3.6,17,8,9,1
15,37,3.7,17,8,9,1
15,38,3.8,16,7,9,1
15,39,3.9,16,7,9,1
15,40,4.0,16,7,9,1
15,41,4.1,16,7,9,1
15,42,4.2,16,7,9,1
15,43,4.3,16,7,9,1
15,44,4.4,16,7,9,1
15,45,4.5,16,7,9,1
15,46,4.6,16,7,9,1
15,47,4.7,15,7,8,1
15,48,4.8,15,7,8,1
15,49,4.9,15,7,8,1
16,0,0.0,15,7,8,1
16,1,0.1,15,7,8,1
16,2,0.2,15,7,8,1
16,3,0.3,15,7,8,1
16,4,0.4,15,7,8,1
16,5,0.5,13,7,6,0
16,6,0.6,13,7,6,0
16,7,0.7,12,7,5,0
16,8,0.8,13,7,6,0
16,9,0.9,13,7,6,0
16,10,1.0,13,7,6,0
16,11,1.1,13,7,6,0
16,12,1.2,13,7,6,0
16,13,1.3,13,7,6,0
16,14,1.4,12,7,5,0
16,15,1.5,12,7,5,0
16,16,1.6,13,8,5,0
16,17,1.7,14,9,5,0
16,18,1.8,14,9,5,0
16,19,1.9,14,9,5,0
16,20,2.0,14,9,5,0
16,21,2.1,14,9,5,0
16,22,2.2,14,9,5,0
16,23,2.3,15,9,6,0
16,24,2.4,15,9,6,0
16,25,2.5,15,9,6,0
16,26,2.6,16,9,7,1
16,27,2.7,15,8,7,1
16,28,2.8,15,8,7,1
16,29,2.9,16,8,8,1
16,30,3.0,16,8,8,1
16,31,3.1,16,8,8,1
16,32,3.2,18,9,9,1
16,33,3.3,18,9,9,1
16,34,3.4,18,9,9,1
16,35,3.5,18,9,9,1
16,36,3.6,18,9,9,1
16,37,3.7,18,9,9,1
16,38,3.8,18,9,9,1
16,39,3.9,17,8,9,1
16,40,4.0,17,8,9,1
16,41,4.1,17,8,9,1
16,42,4.2,17,8,9,1
16,43,4.3,17,8,9,1
16,44,4.4,17,8,9,1
16,45,4.5,17,8,9,1
16,46,4.6,16,8,8,1
16,47,4.7,14,7,7,1
16,48,4.8,14,7,7,1
16,49,4.9,14,7,7,1
17,0,0.0,14,7,7,1
17,1,0.1,14,7,7,1
17,2,0.2,14,7,7,1
17,3,0.3,14,7,7,1
17,4,0.4,13,7,6,0
17,5,0.5,13,7,6,0
17,6,0.6,13,7,6,0
17,7,0.7,13,7,6,0
17,8,0.8,14,7,7,1
17,9,0.9,15,8,7,1
17,10,1.0,15,8,7,1
17,11,1.1,15,8,7,1
17,12,1.2,15,8,7,1
17,13,1.3,15,8,7,1
17,14,1.4,15,8,7,1
17,15,1.5,15,8,7,1
17,16,1.6,15,8,7,1
17,17,1.7,15,8,7,1
17,18,1.8,15,8,7,1
17,19,1.9,15,8,7,1
17,20,2.0,16,8,8,1
17,21,2.1,17,9,8,1
17,22,2.2,16,9,7,0
17,23,2.3,17,9,8,0
17,24,2.4,17,9,8,0
17,25,2.5,17,9,8,0
17,26,2.6,17,9,8,0
17,27,2.7,17,9,8,0
17,28,2.8,17,9,8,0
17,29,2.9,17,9,8,0
17,30,3.0,17,9,8,0
17,31,3.1,17,9,8,0
17,32,3.2,17,9,8,0
17,33,3.3,17,9,8,0
17,34,3.4,16,9,7,0
17,35,3.5,16,9,7,0
17,36,3.6,16,9,7,0
17,37,3.7,17,9,8,0
17,38,3.8,17,9,8,0
17,39,3.9,17,9,8,0
17,40,4.0,17,9,8,0
17,41,4.1,17,9,8,0
17,42,4.2,17,9,8,0
17,43,4.3,17,9,8,0
17,44,4.4,17,9,8,0
17,45,4.5,15,8,7,0
17,46,4.6,14,8,6,0
17,47,4.7,13,7,6,0
17,48,4.8,13,7,6,0
17,49,4.9,13,7,6,0
18,0,0.0,14,7,7,0
18,1,0.1,13,7,6,0
18,2,0.2,13,7,6,0
18,3,0.3,13,7,6,0
18,4,0.4,14,7,7,0
18,5,0.5,14,7,7,0
18,6,0.6,14,7,7,0
18,7,0.7,14,7,7,0
18,8,0.8,13,6,7,0
18,9,0.9,14,7,7,0
18,10,1.0,14,7,7,0
18,11,1.1,14,7,7,0
18,12,1.2,15,7,8,0
18,13,1.3,15,7,8,0
18,14,1.4,15,7,8,0
18,15,1.5,15,7,8,0
18,16,1.6,14,7,7,0
18,17,1.7,14,7,7,0
18,18,1.8,13,7,6,0
18,19,1.9,13,7,6,0
18,20,2.0,13,7,6,0
18,21,2.1,13,7,6,0
18,22,2.2,13,7,6,0
18,23,2.3,12,6,6,0
18,24,2.4,12,6,6,0
18,25,2.5,12,6,6,0
18,26,2.6,13,7,6,0
18,27,2.7,13,7,6,0
18,28,2.8,13,7,6,0
18,29,2.9,13,7,6,0
18,30,3.0,13,7,6,0
18,31,3.1,13,7,6,0
18,32,3.2,13,7,6,0
18,33,3.3,13,7,6,0
18,34,3.4,13,7,6,0
18,35,3.5,14,7,7,0
18,36,3.6,15,8,7,0
18,37,3.7,15,8,7,0
18,38,3.8,15,8,7,0
18,39,3.9,15,8,7,0
18,40,4.0,15,8,7,0
18,41,4.1,15,8,7,0
18,42,4.2,15,8,7,0
18,43,4.3,15,8,7,0
18,44,4.4,15,8,7,0
18,45,4.5,15,8,7,0
18,46,4.6,15,8,7,0
18,47,4.7,15,8,7,0
18,48,4.8,15,8,7,0
18,49,4.9,15,8,7,0
19,0,0.0,16,7,9,0
19,1,0.1,16,7,9,0
19,2,0.2,17,7,10,0
19,3,0.3,17,7,10,0
19,4,0.4,17,7,10,0
19,5,0.5,17,7,10,0
19,6,0.6,17,7,10,0
19,7,0.7,17,7,10,0
19,8,0.8,19,9,10,0
19,9,0.9,19,10,9,0
19,10,1.0,18,9,9,0
19,11,1.1,18,9,9,0
19,12,1.2,18,9,9,0
19,13,1.3,18,9,9,0
19,14,1.4,18,9,9,0
19,15,1.5,18,9,9,0
19,16,1.6,18,9,9,0
19,17,1.7,18,9,9,0
19,18,1.8,18,9,9,0
19,19,1.9,18,9,9,0
19,20,2.0,17,9,8,0
19,21,2.1,17,9,8,0
19,22,2.2,17,9,8,0
19,23,2.3,17,9,8,0
19,24,2.4,17,9,8,0
19,25,2.5,17,9,8,0
19,26,2.6,18,9,9,0
19,27,2.7,18,9,9,0
19,28,2.8,18,9,9,0
19,29,2.9,18,9,9,0
19,30,3.0,19,10,9,0
19,31,3.1,19,10,9,0
19,32,3.2,19,10,9,0
19,33,3.3,18,9,9,0
19,34,3.4,19,9,10,0
19,35,3.5,19,9,10,0
19,36,3.6,19,9,10,0
19,37,3.7,19,9,10,0
19,38,3.8,19,9,10,0
19,39,3.9,18,9,9,0
19,40,4.0,17,9,8,0
19,41,4.1,17,9,8,0
19,42,4.2,17,9,8,0
19,43,4.3,17,9,8,0
19,44,4.4,17,9,8,0
19,45,4.5,17,9,8,0
19,46,4.6,16,8,8,0
19,47,4.7,16,8,8,0
19,48,4.8,16,8,8,0
19,49,4.9,16,8,8,0
20,0,0.0,16,8,8,0
20,1,0.1,16,8,8,0
20,2,0.2,16,8,8,0
20,3,0.3,16,8,8,0
20,4,0.4,16,8,8,0
20,5,0.5,16,8,8,0
20,6,0.6,16,8,8,0
20,7,0.7,16,8,8,0
20,8,0.8,16,8,8,0
20,9,0.9,16,8,8,0
20,10,1.0,16,8,8,0
20,11,1.1,16,8,8,0
20,12,1.2,16,8,8,0
20,13,1.3,15,8,7,0
20,14,1.4,15,8,7,0
20,15,1.5,15,8,7,0
20,16,1.6,15,8,7,0
20,17,1.7,15,8,7,0
20,18,1.8,15,8,7,0
20,19,1.9,15,8,7,0
20,20,2.0,15,8,7,0
20,21,2.1,15,8,7,0
20,22,2.2,15,8,7,0
20,23,2.3,15,8,7,0
20,24,2.4,15,8,7,0
20,25,2.5,15,8,7,0
20,26,2.6,15,8,7,0
20,27,2.7,15,8,7,0
20,28,2.8,15,8,7,0
20,29,2.9,15,8,7,0
20,30,3.0,16,8,8,0
20,31,3.1,16,8,8,0
20,32,3.2,16,8,8,0
20,33,3.3,16,8,8,0
20,34,3.4,16,8,8,0
20,35,3.5,17,9,8,0
20,36,3.6,17,9,8,0
20,37,3.7,17,9,8,0
20,38,3.8,17,9,8,0
20,39,3.9,17,9,8,0
20,40,4.0,16,8,8,0
20,41,4.1,16,8,8,0
20,42,4.2,17,8,9,0
20,43,4.3,17,8,9,0
20,44,4.4,16,8,8,0
20,45,4.5,16,8,8,0
20,46,4.6,16,8,8,0
20,47,4.7,16,8,8,0
20,48,4.8,16,8,8,0
20,49,4.9,16,8,8,0
21,0,0.0,16,8,8,0
21,1,0.1,16,8,8,0
21,2,0.2,18,9,9,0
21,3,0.3,18,9,9,0
21,4,0.4,18,9,9,0
21,5,0.5,18,9,9,0
21,6,0.6,18,9,9,0
21,7,0.7,18,9,9,0
21,8,0.8,18,9,9,0
21,9,0.9,18,9,9,0
21,10,1.0,18,9,9,0
21,11,1.1,18,9,9,0
21,12,1.2,18,9,9,0
21,13,1.3,18,9,9,0
21,14,1.4,19,9,10,0
21,15,1.5,18,8,10,0
21,16,1.6,18,8,10,0
21,17,1.7,18,8,10,0
21,18,1.8,18,8,10,0
21,19,1.9,18,8,10,0
21,20,2.0,18,8,10,0
21,21,2.1,18,8,10,0
21,22,2.2,18,8,10,0
21,23,2.3,18,8,10,0
21,24,2.4,18,8,10,0
21,25,2.5,18,8,10,0
21,26,2.6,18,8,10,0
21,27,2.7,18,8,10,0
21,28,2.8,18,8,10,0
21,29,2.9,18,8,10,0
21,30,3.0,18,8,10,0
21,31,3.1,18,8,10,0
21,32,3.2,17,8,9,0
21,33,3.3,18,9,9,0
21,34,3.4,18,9,9,0
21,35,3.5,18,9,9,0
21,36,3.6,18,9,9,0
21,37,3.7,17,9,8,0
21,38,3.8,16,9,7,0
21,39,3.9,16,9,7,0
21,40,4.0,16,9,7,0
21,41,4.1,16,9,7,0
21,42,4.2,16,9,7,0
21,43,4.3,16,9,7,0
21,44,4.4,16,9,7,0
21,45,4.5,16,9,7,0
21,46,4.6,16,9,7,0
21,47,4.7,16,9,7,0
21,48,4.8,10,2,8,0
21,49,4.9,10,2,8,0
22,0,0.0,14,7,7,0
22,1,0.1,15,7,8,0
22,2,0.2,15,7,8,0
22,3,0.3,16,8,8,0
22,4,0.4,16,8,8,0
22,5,0.5,16,8,8,0
22,6,0.6,16,8,8,0
22,7,0.7,16,8,8,0
22,8,0.8,16,8,8,0
22,9,0.9,16,8,8,0
22,10,1.0,17,8,9,0
22,11,1.1,16,7,9,0
22,12,1.2,16,7,9,0
22,13,1.3,17,8,9,0
22,14,1.4,17,8,9,0
22,15,1.5,17,8,9,0
22,16,1.6,17,8,9,0
22,17,1.7,17,9,8,0
22,18,1.8,16,8,8,0
22,19,1.9,16,8,8,0
22,20,2.0,16,8,8,0
22,21,2.1,16,8,8,0
22,22,2.2,16,8,8,0
22,23,2.3,16,8,8,0
22,24,2.4,16,8,8,0
22,25,2.5,16,8,8,0
22,26,2.6,16,8,8,0
22,27,2.7,16,8,8,0
22,28,2.8,16,8,8,0
22,29,2.9,16,8,8,0
22,30,3.0,16,8,8,0
22,31,3.1,16,8,8,0
22,32,3.2,16,8,8,0
22,33,3.3,16,8,8,0
22,34,3.4,16,8,8,0
22,35,3.5,16,8,8,0
22,36,3.6,16,8,8,0
22,37,3.7,16,8,8,0
22,38,3.8,16,8,8,0
22,39,3.9,16,8,8,0
22,40,4.0,16,8,8,0
22,41,4.1,17,9,8,0
22,42,4.2,17,9,8,0
22,43,4.3,17,9,8,0
22,44,4.4,17,9,8,0
22,45,4.5,17,9,8,0
22,46,4.6,18,9,9,0
22,47,4.7,20,10,10,0
22,48,4.8,19,10,9,0
22,49,4.9,19,10,9,0
23,0,0.0,18,9,9,0
23,1,0.1,18,9,9,0
23,2,0.2,18,9,9,0
23,3,0.3,18,9,9,0
23,4,0.4,17,9,8,0
23,5,0.5,17,9,8,0
23,6,0.6,16,8,8,0
23,7,0.7,16,8,8,0
23,8,0.8,15,7,8,0
23,9,0.9,14,7,7,0
23,10,1.0,13,7,6,0
23,11,1.1,12,6,6,0
23,12,1.2,12,6,6,0
23,13,1.3,12,6,6,0
23,14,1.4,12,6,6,0
23,15,1.5,12,6,6,0
23,16,1.6,12,6,6,0
23,17,1.7,12,6,6,0
23,18,1.8,12,6,6,0
23,19,1.9,13,7,6,0
23,20,2.0,13,7,6,0
23,21,2.1,13,7,6,0
23,22,2.2,13,7,6,0
23,23,2.3,13,7,6,0
23,24,2.4,14,7,7,0
23,25,2.5,15,7,8,0
23,26,2.6,16,8,8,0
23,27,2.7,16,8,8,0
23,28,2.8,16,8,8,0
23,29,2.9,16,8,8,0
23,30,3.0,16,8,8,0
23,31,3.1,16,8,8,0
23,32,3.2,16,8,8,0
23,33,3.3,16,8,8,0
23,34,3.4,16,8,8,0
23,35,3.5,15,8,7,0
23,36,3.6,15,8,7,0
23,37,3.7,15,8,7,0
23,38,3.8,15,8,7,0
23,39,3.9,15,8,7,0
23,40,4.0,14,7,7,0
23,41,4.1,14,7,7,0
23,42,4.2,14,7,7,0
23,43,4.3,14,7,7,0
23,44,4.4,14,7,7,0
23,45,4.5,14,7,7,0
23,46,4.6,14,7,7,0
23,47,4.7,14,7,7,0
23,48,4.8,14,7,7,0
23,49,4.9,14,7,7,0
24,0,0.0,14,7,7,0
24,1,0.1,14,7,7,0
24,2,0.2,14,7,7,0
24,3,0.3,14,7,7,0
24,4,0.4,15,7,8,0
24,5,0.5,15,7,8,0
24,6,0.6,16,8,8,0
24,7,0.7,16,8,8,0
24,8,0.8,16,8,8,0
24,9,0.9,16,8,8,0
24,10,1.0,16,8,8,0
24,11,1.1,16,8,8,0
24,12,1.2,16,8,8,0
24,13,1.3,16,8,8,0
24,14,1.4,16,8,8,0
24,15,1.5,16,8,8,0
24,16,1.6,16,8,8,0
24,17,1.7,16,8,8,0
24,18,1.8,16,8,8,0
24,19,1.9,16,8,8,0
24,20,2.0,16,8,8,0
24,21,2.1,16,8,8,0
24,22,2.2,16,8,8,0
24,23,2.3,16,8,8,0
24,24,2.4,16,8,8,0
24,25,2.5,16,8,8,0
24,26,2.6,16,8,8,0
24,27,2.7,15,7,8,0
24,28,2.8,15,7,8,0
24,29,2.9,15,7,8,0
24,30,3.0,15,7,8,0
24,31,3.1,15,7,8,0
24,32,3.2,14,7,7,0
24,33,3.3,14,7,7,0
24,34,3.4,14,7,7,0
24,35,3.5,14,7,7,0
24,36,3.6,14,7,7,0
24,37,3.7,14,7,7,0
24,38,3.8,14,7,7,0
24,39,3.9,14,7,7,0
24,40,4.0,14,7,7,0
24,41,4.1,14,7,7,0
24,42,4.2,14,7,7,0
24,43,4.3,14,7,7,0
24,44,4.4,14,7,7,0
24,45,4.5,14,7,7,0
24,46,4.6,14,7,7,0
24,47,4.7,14,7,7,0
24,48,4.8,14,7,7,0
24,49,4.9,14,7,7,0
25,0,0.0,16,7,9,0
25,1,0.1,16,7,9,0
25,2,0.2,17,7,10,0
25,3,0.3,17,7,10,0
25,4,0.4,17,7,10,0
25,5,0.5,17,7,10,0
25,6,0.6,17,7,10,0
25,7,0.7,17,7,10,0
25,8,0.8,17,7,10,0
25,9,0.9,18,8,10,0
25,10,1.0,19,9,10,0
25,11,1.1,19,9,10,0
25,12,1.2,19,9,10,0
25,13,1.3,19,9,10,0
25,14,1.4,19,9,10,0
25,15,1.5,19,9,10,0
25,16,1.6,20,10,10,0
25,17,1.7,20,10,10,0
25,18,1.8,20,10,10,0
25,19,1.9,19,9,10,0
25,20,2.0,18,9,9,0
25,21,2.1,17,9,8,0
25,22,2.2,17,9,8,0
25,23,2.3,17,9,8,0
25,24,2.4,17,9,8,0
25,25,2.5,17,9,8,0
25,26,2.6,17,9,8,0
25,27,2.7,16,9,7,0
25,28,2.8,15,8,7,0
25,29,2.9,15,8,7,0
25,30,3.0,15,8,7,0
25,31,3.1,15,8,7,0
25,32,3.2,15,8,7,0
25,33,3.3,15,8,7,0
25,34,3.4,15,8,7,0
25,35,3.5,15,8,7,0
25,36,3.6,15,8,7,0
25,37,3.7,16,8,8,0
25,38,3.8,16,8,8,0
25,39,3.9,17,9,8,0
25,40,4.0,17,9,8,0
25,41,4.1,18,9,9,0
25,42,4.2,18,9,9,0
25,43,4.3,18,9,9,0
25,44,4.4,19,9,10,0
25,45,4.5,19,9,10,0
25,46,4.6,19,9,10,0
25,47,4.7,19,9,10,0
25,48,4.8,19,9,10,0
25,49,4.9,19,9,10,0
26,0,0.0,19,9,10,0
26,1,0.1,19,9,10,0
26,2,0.2,19,9,10,0
26,3,0.3,20,10,10,0
26,4,0.4,20,10,10,0
26,5,0.5,20,10,10,0
26,6,0.6,20,10,10,0
26,7,0.7,20,10,10,0
26,8,0.8,20,10,10,0
26,9,0.9,20,10,10,0
26,10,1.0,20,10,10,0
26,11,1.1,20,10,10,0
26,12,1.2,20,10,10,0
26,13,1.3,19,9,10,0
26,14,1.4,19,9,10,0
26,15,1.5,19,9,10,0
26,16,1.6,19,9,10,0
26,17,1.7,19,9,10,0
26,18,1.8,18,9,9,0
26,19,1.9,18,9,9,0
26,20,2.0,18,9,9,0
26,21,2.1,17,9,8,0
26,22,2.2,17,9,8,0
26,23,2.3,16,8,8,0
26,24,2.4,16,8,8,0
26,25,2.5,16,8,8,0
26,26,2.6,15,8,7,0
26,27,2.7,15,8,7,0
26,28,2.8,15,8,7,0
26,29,2.9,15,8,7,0
26,30,3.0,15,8,7,0
26,31,3.1,16,9,7,0
26,32,3.2,16,9,7,0
26,33,3.3,16,9,7,0
26,34,3.4,16,9,7,0
26,35,3.5,17,9,8,0
26,36,3.6,18,9,9,0
26,37,3.7,18,9,9,0
26,38,3.8,18,9,9,0
26,39,3.9,18,9,9,0
26,40,4.0,18,9,9,0
26,41,4.1,18,9,9,0
26,42,4.2,18,9,9,0
26,43,4.3,19,10,9,0
26,44,4.4,19,10,9,0
26,45,4.5,19,10,9,0
26,46,4.6,19,10,9,0
26,47,4.7,19,10,9,0
26,48,4.8,19,10,9,0
26,49,4.9,19,10,9,0
27,0,0.0,18,9,9,0
27,1,0.1,18,9,9,0
27,2,0.2,17,9,8,0
27,3,0.3,16,8,8,0
27,4,0.4,16,8,8,0
27,5,0.5,15,8,7,0
27,6,0.6,14,7,7,0
27,7,0.7,13,7,6,0
27,8,0.8,13,7,6,0
27,9,0.9,13,7,6,0
27,10,1.0,13,7,6,0
27,11,1.1,13,7,6,0
27,12,1.2,13,7,6,0
27,13,1.3,13,7,6,0
27,14,1.4,14,7,7,0
27,15,1.5,15,7,8,0
27,16,1.6,17,8,9,0
27,17,1.7,19,9,10,0
27,18,1.8,18,8,10,0
27,19,1.9,19,9,10,0
27,20,2.0,19,9,10,0
27,21,2.1,19,9,10,0
27,22,2.2,19,9,10,0
27,23,2.3,19,9,10,0
27,24,2.4,19,9,10,0
27,25,2.5,19,9,10,0
27,26,2.6,19,9,10,0
27,27,2.7,18,8,10,0
27,28,2.8,18,8,10,0
27,29,2.9,18,8,10,0
27,30,3.0,18,8,10,0
27,31,3.1,18,8,10,0
27,32,3.2,18,8,10,0
27,33,3.3,18,8,10,0
27,34,3.4,18,8,10,0
27,35,3.5,18,8,10,0
27,36,3.6,18,8,10,0
27,37,3.7,18,8,10,0
27,38,3.8,18,8,10,0
27,39,3.9,18,8,10,0
27,40,4.0,18,8,10,0
27,41,4.1,18,8,10,0
27,42,4.2,18,8,10,0
27,43,4.3,18,8,10,0
27,44,4.4,18,8,10,0
27,45,4.5,18,8,10,0
27,46,4.6,18,8,10,0
27,47,4.7,18,8,10,0
27,48,4.8,18,8,10,0
27,49,4.9,18,8,10,0
28,0,0.0,18,8,10,0
28,1,0.1,18,8,10,0
28,2,0.2,18,8,10,0
28,3,0.3,18,8,10,0
28,4,0.4,17,8,9,0
28,5,0.5,17,8,9,0
28,6,0.6,17,8,9,0
28,7,0.7,18,9,9,0
28,8,0.8,18,9,9,0
28,9,0.9,18,9,9,0
28,10,1.0,19,10,9,0
28,11,1.1,19,10,9,0
28,12,1.2,19,10,9,0
28,13,1.3,19,10,9,0
28,14,1.4,20,10,10,0
28,15,1.5,20,10,10,0
28,16,1.6,20,10,10,0
28,17,1.7,19,9,10,0
28,18,1.8,19,9,10,0
28,19,1.9,18,8,10,0
28,20,2.0,18,8,10,0
28,21,2.1,18,8,10,0
28,22,2.2,18,8,10,0
28,23,2.3,18,8,10,0
28,24,2.4,18,8,10,0
28,25,2.5,18,8,10,0
28,26,2.6,18,8,10,0
28,27,2.7,19,9,10,0
28,28,2.8,18,8,10,0
28,29,2.9,18,8,10,0
28,30,3.0,18,8,10,0
28,31,3.1,19,9,10,0
28,32,3.2,19,9,10,0
28,33,3.3,19,9,10,0
28,34,3.4,19,9,10,0
28,35,3.5,19,9,10,0
28,36,3.6,19,9,10,0
28,37,3.7,19,9,10,0
28,38,3.8,20,10,10,0
28,39,3.9,20,10,10,0
28,40,4.0,20,10,10,0
28,41,4.1,20,10,10,0
28,42,4.2,20,10,10,0
28,43,4.3,20,10,10,0
28,44,4.4,20,10,10,0
28,45,4.5,20,10,10,0
28,46,4.6,20,10,10,0
28,47,4.7,20,10,10,0
28,48,4.8,20,10,10,0
28,49,4.9,20,10,10,0
29,0,0.0,20,10,10,0
29,1,0.1,20,10,10,0
29,2,0.2,20,10,10,0
29,3,0.3,20,10,10,0
29,4,0.4,20,10,10,0
29,5,0.5,20,10,10,0
29,6,0.6,20,10,10,0
29,7,0.7,19,10,9,0
29,8,0.8,19,10,9,0
29,9,0.9,19,10,9,0
29,10,1.0,17,9,8,0
29,11,1.1,18,9,9,0
29,12,1.2,17,9,8,0
29,13,1.3,16,8,8,0
29,14,1.4,17,8,9,0
29,15,1.5,17,8,9,0
29,16,1.6,18,9,9,0
29,17,1.7,19,9,10,0
29,18,1.8,18,8,10,0
29,19,1.9,18,8,10,0
29,20,2.0,18,8,10,0
29,21,2.1,17,8,9,0
29,22,2.2,16,8,8,0
29,23,2.3,16,8,8,0
29,24,2.4,16,8,8,0
29,25,2.5,16,8,8,0
29,26,2.6,16,8,8,0
29,27,2.7,16,8,8,0
29,28,2.8,16,8,8,0
29,29,2.9,16,8,8,0
29,30,3.0,16,7,9,0
29,31,3.1,16,7,9,0
29,32,3.2,16,7,9,0
29,33,3.3,16,7,9,0
29,34,3.4,16,7,9,0
29,35,3.5,16,7,9,0
29,36,3.6,16,7,9,0
29,37,3.7,15,7,8,0
29,38,3.8,15,7,8,0
29,39,3.9,15,7,8,0
29,40,4.0,15,7,8,0
29,41,4.1,15,7,8,0
29,42,4.2,15,7,8,0
29,43,4.3,15,7,8,0
29,44,4.4,15,7,8,0
29,45,4.5,15,7,8,0
29,46,4.6,15,7,8,0
29,47,4.7,15,7,8,0
29,48,4.8,15,7,8,0
29,49,4.9,15,7,8,0
30,0,0.0,16,8,8,0
30,1,0.1,17,8,9,0
30,2,0.2,18,8,10,0
30,3,0.3,18,8,10,0
30,4,0.4,18,8,10,0
30,5,0.5,18,8,10,0
30,6,0.6,18,8,10,0
30,7,0.7,18,8,10,0
30,8,0.8,18,8,10,0
30,9,0.9,18,8,10,0
30,10,1.0,18,8,10,0
30,11,1.1,18,8,10,0
30,12,1.2,18,8,10,0
30,13,1.3,18,8,10,0
30,14,1.4,18,8,10,0
30,15,1.5,18,8,10,0
30,16,1.6,18,8,10,0
30,17,1.7,17,8,9,0
30,18,1.8,17,8,9,0
30,19,1.9,17,8,9,0
30,20,2.0,17,8,9,0
30,21,2.1,16,8,8,0
30,22,2.2,16,8,8,0
30,23,2.3,16,8,8,0
30,24,2.4,16,8,8,0
30,25,2.5,16,8,8,0
30,26,2.6,16,8,8,0
30,27,2.7,16,8,8,0
30,28,2.8,16,8,8,0
30,29,2.9,15,8,7,0
30,30,3.0,15,8,7,0
30,31,3.1,15,8,7,0
30,32,3.2,15,8,7,0
30,33,3.3,16,8,8,0
30,34,3.4,16,8,8,0
30,35,3.5,16,8,8,0
30,36,3.6,16,8,8,0
30,37,3.7,16,8,8,0
30,38,3.8,17,8,9,0
30,39,3.9,17,8,9,0
30,40,4.0,17,8,9,0
30,41,4.1,16,7,9,0
30,42,4.2,15,7,8,0
30,43,4.3,15,7,8,0
30,44,4.4,15,7,8,0
30,45,4.5,15,7,8,0
30,46,4.6,15,7,8,0
30,47,4.7,15,7,8,0
30,48,4.8,15,7,8,0
30,49,4.9,15,7,8,0
