clip,ball_start_cell,ball_final_cell,start_px,start_py,final_px,final_py
clip_01,B5,D5,356.2,116.1,321.7,245.8
clip_02,D11,D12,866.1,270.5,932.4,245.9
clip_03,C12,D7,881.2,195.2,502.5,263.3
clip_04,A9,A15,710.2,62.4,1168.1,74.5
clip_05,B14,A13,1090.4,93.6,1033.0,70.0
clip_06,D11,D6,830.8,273.9,457.7,309.4
clip_07,B12,C4,907.6,98.4,311.1,216.6
clip_08,B14,B13,1117.0,141.3,981.8,128.3
clip_09,E13,C8,1022.1,391.2,588.2,185.3
clip_10,B10,A6,745.8,97.4,434.6,70.0
clip_11,B1,B2,31.7,83.5,158.2,125.1
clip_12,C15,F12,1120.2,239.2,914.2,408.1
clip_13,B7,B9,498.0,107.2,654.8,110.5
clip_14,E9,F7,642.2,340.1,523.8,400.9
clip_15,A12,C5,886.1,20.5,327.9,162.5
clip_16,A12,A8,881.4,4.5,627.4,53.4
clip_17,E13,A9,1011.0,357.9,669.5,59.1
clip_18,E14,E14,1080.8,327.0,1097.5,346.5
clip_19,D6,C8,477.5,252.8,572.7,197.6
clip_20,A3,B3,176.0,73.1,166.9,151.4
clip_21,B13,B14,1002.2,138.0,1081.4,113.5
clip_22,E11,E10,815.0,362.2,725.0,330.3
clip_23,C10,C12,774.0,193.5,959.7,163.0
clip_24,E9,E11,656.9,343.4,873.8,374.7
