clip,situation,shape,seed,match,start_frame,end_frame,n_frames,seconds,ball_start_cell,start_px,start_py,ball_final_cell,final_px,final_py,detail
header_01,header,boxL,21,boxL_s021,1000,1050,50,5.0,B14,1085.8,137.6,C8,625.4,167.8,{"anchor": 1020; "z": 1.46; "contested_by": 4; "apex_in": 9.61; "turn_cos": -0.91; "score": 49.61392307281494}
header_02,header,boxR,36,boxR_s036,236,286,50,5.0,B7,547.1,156.5,C8,600.1,198.9,{"anchor": 256; "z": 1.44; "contested_by": 4; "apex_in": 9.6; "turn_cos": -0.71; "score": 49.602797508239746}
header_03,header,flankL2,35,flankL2_s035,350,400,50,5.0,C11,819.7,173.0,C11,812.3,211.2,{"anchor": 370; "z": 1.58; "contested_by": 4; "apex_in": 1.58; "turn_cos": 0.17; "score": 41.57858669757843}
header_04,header,endtoend,47,endtoend_s047,496,546,50,5.0,B9,695.1,123.2,D7,519.5,278.0,{"anchor": 516; "z": 1.43; "contested_by": 3; "apex_in": 9.61; "turn_cos": 0.26; "score": 39.60559844970703}
header_05,header,pressR,11,pressR_s011,211,261,50,5.0,C11,867.2,195.8,C8,608.5,170.7,{"anchor": 231; "z": 1.38; "contested_by": 3; "apex_in": 9.6; "turn_cos": -0.88; "score": 39.60376453399658}
header_06,header,endtoend,30,endtoend_s030,1004,1054,50,5.0,A4,304.4,1.3,C9,711.5,188.5,{"anchor": 1024; "z": 2.05; "contested_by": 3; "apex_in": 9.6; "turn_cos": -0.12; "score": 39.597182273864746}
header_07,header,boxR,8,boxR_s008,890,940,50,5.0,C3,185.7,202.1,B9,659.0,108.5,{"anchor": 910; "z": 1.85; "contested_by": 3; "apex_in": 9.6; "turn_cos": -0.87; "score": 39.59622287750244}
header_08,header,pressR2,8,pressR2_s008,532,582,50,5.0,C3,185.7,202.1,C10,730.5,164.5,{"anchor": 552; "z": 1.85; "contested_by": 3; "apex_in": 9.6; "turn_cos": -0.87; "score": 39.59621620178223}
header_09,header,flankL2,12,flankL2_s012,340,390,50,5.0,B10,732.3,94.6,C10,736.0,195.5,{"anchor": 360; "z": 1.73; "contested_by": 3; "apex_in": 6.41; "turn_cos": -0.88; "score": 36.41166305541992}
header_10,header,endtoend,35,endtoend_s035,286,336,50,5.0,B8,573.7,87.1,C8,623.4,160.8,{"anchor": 306; "z": 1.5; "contested_by": 3; "apex_in": 5.22; "turn_cos": -1.0; "score": 35.21762990951538}
corner_kick_01,corner,midpush,48,midpush_s048,100,150,50,5.0,F11,809.9,426.7,C9,669.0,164.6,{"anchor": 104; "award": 98; "min_start": 99; "apex": 4.59; "contested_by": 8; "score": 84.59337520599365}
corner_kick_02,corner,flankR,30,flankR_s030,630,680,50,5.0,A8,562.5,63.1,C8,611.9,180.7,{"anchor": 632; "award": 629; "min_start": 630; "apex": 3.46; "contested_by": 7; "score": 73.45850467681885}
corner_kick_03,corner,pressL2,18,pressL2_s018,638,688,50,5.0,F11,809.0,427.6,B13,964.3,137.5,{"anchor": 642; "award": 637; "min_start": 638; "apex": 5.4; "contested_by": 6; "score": 65.4005937576294}
corner_kick_04,corner,pressL2,26,pressL2_s026,782,832,50,5.0,F11,808.4,427.5,C10,773.3,235.0,{"anchor": 786; "award": 781; "min_start": 782; "apex": 5.4; "contested_by": 6; "score": 65.39675426483154}
corner_kick_05,corner,balanced,20,balanced_s020,218,268,50,5.0,A10,751.3,63.3,C10,723.7,177.0,{"anchor": 222; "award": 217; "min_start": 218; "apex": 5.39; "contested_by": 6; "score": 65.39100217819214}
corner_kick_06,corner,pressL,21,pressL_s021,670,720,50,5.0,A10,750.7,63.1,C10,788.0,211.8,{"anchor": 672; "award": 669; "min_start": 670; "apex": 4.63; "contested_by": 6; "score": 64.63445091247559}
corner_kick_07,corner,flankR,1,flankR_s001,817,867,50,5.0,F7,522.3,427.4,C7,531.9,212.7,{"anchor": 821; "award": 816; "min_start": 817; "apex": 4.59; "contested_by": 6; "score": 64.58623695373535}
corner_kick_08,corner,flankL,38,flankL_s038,971,1021,50,5.0,A10,750.8,62.9,C10,736.6,228.5,{"anchor": 974; "award": 970; "min_start": 971; "apex": 4.46; "contested_by": 6; "score": 64.45821332931519}
corner_kick_09,corner,boxR,20,boxR_s020,445,495,50,5.0,A8,562.7,64.0,C8,612.0,177.7,{"anchor": 447; "award": 444; "min_start": 445; "apex": 3.95; "contested_by": 6; "score": 63.94984173774719}
corner_kick_10,corner,pressR,36,pressR_s036,790,840,50,5.0,A8,562.4,63.1,B5,332.6,149.9,{"anchor": 794; "award": 789; "min_start": 790; "apex": 3.28; "contested_by": 6; "score": 63.27998161315918}
goalkeeper_throw_01,gk_throw,pressR,20,pressR_s020,835,885,50,5.0,C13,962.9,175.8,C11,817.0,239.0,{"anchor": 850; "catch": 809; "hand_frames": 35; "apex": 3.7; "travel": 0.519; "score": 86.92757248878479}
goalkeeper_throw_02,gk_throw,flankL,40,flankL_s040,106,156,50,5.0,C12,949.1,163.1,B10,727.3,157.7,{"anchor": 121; "catch": 82; "hand_frames": 38; "apex": 6.41; "travel": 0.42; "score": 80.00597405433655}
goalkeeper_throw_03,gk_throw,midpush,8,midpush_s008,767,817,50,5.0,C13,974.9,219.0,A10,762.7,34.1,{"anchor": 782; "catch": 756; "hand_frames": 11; "apex": 3.7; "travel": 0.674; "score": 78.42335557937622}
goalkeeper_throw_04,gk_throw,flankL,21,flankL_s021,802,852,50,5.0,C4,284.4,160.3,C6,472.7,215.8,{"anchor": 817; "catch": 775; "hand_frames": 41; "apex": 4.06; "travel": 0.335; "score": 74.45368802547455}
goalkeeper_throw_05,gk_throw,balanced,33,balanced_s033,982,1032,50,5.0,B4,312.2,156.1,B8,574.6,151.4,{"anchor": 997; "catch": 956; "hand_frames": 27; "apex": 3.55; "travel": 0.439; "score": 70.88673603534698}
goalkeeper_throw_06,gk_throw,balanced,31,balanced_s031,317,367,50,5.0,C5,336.9,166.6,C7,517.7,215.8,{"anchor": 332; "catch": 291; "hand_frames": 30; "apex": 3.16; "travel": 0.402; "score": 70.22435247898102}
goalkeeper_throw_07,gk_throw,boxL,39,boxL_s039,302,352,50,5.0,C12,890.4,165.9,D10,797.3,242.8,{"anchor": 317; "catch": 277; "hand_frames": 37; "apex": 3.38; "travel": 0.317; "score": 68.66818022727966}
goalkeeper_throw_08,gk_throw,pressL2,48,pressL2_s048,921,971,50,5.0,B12,917.5,151.5,B12,955.7,86.3,{"anchor": 936; "catch": 907; "hand_frames": 22; "apex": 4.17; "travel": 0.402; "score": 62.1624321937561}
goalkeeper_throw_09,gk_throw,boxL,37,boxL_s037,983,1033,50,5.0,B5,341.3,153.8,B7,520.4,145.0,{"anchor": 998; "catch": 957; "hand_frames": 27; "apex": 3.41; "travel": 0.351; "score": 62.07152795791626}
goalkeeper_throw_10,gk_throw,balanced,51,balanced_s051,813,863,50,5.0,B5,323.1,153.5,B9,707.2,130.5,{"anchor": 828; "catch": 787; "hand_frames": 27; "apex": 3.46; "travel": 0.35; "score": 62.04996597766876}
